Parking ID,Car Park Name (English),Car Park Name (Traditional Chinese),Car Park Name (Simplified Chinese),Basic Information,Parking Vacancy Data
TDC102P1,Lei On Court Carpark,鯉安苑停車場,鲤安苑停车场,https://resource.data.one.gov.hk/td/carpark/basic_info_tdc102p1.json,https://resource.data.one.gov.hk/td/carpark/vacancy_tdc102p1.json
TDC103P1,Science Park Car Park P1,科學園停車場 P1,科学园停车场 P1,https://resource.data.one.gov.hk/td/carpark/basic_info_tdc103p1.json,https://resource.data.one.gov.hk/td/carpark/vacancy_tdc103p1.json
TDC103P2,Science Park Car Park P2,科學園停車場 P2,科学园停车场 P2,https://resource.data.one.gov.hk/td/carpark/basic_info_tdc103p2.json,https://resource.data.one.gov.hk/td/carpark/vacancy_tdc103p2.json
TDC103P3,Science Park Car Park P3,科學園停車場 P3,科学园停车场 P3,https://resource.data.one.gov.hk/td/carpark/basic_info_tdc103p3.json,https://resource.data.one.gov.hk/td/carpark/vacancy_tdc103p3.json
TDC104P1,Pak Tin Estate (Shui Tin House) Carpark,白田邨（瑞田樓）停車場,白田邨（瑞田楼）停车场,https://resource.data.one.gov.hk/td/carpark/basic_info_tdc104p1.json,https://resource.data.one.gov.hk/td/carpark/vacancy_tdc104p1.json
TDC108P1,Kingston International Centre,金利豐國際中心,金利丰国际中心,https://resource.data.one.gov.hk/td/carpark/basic_info_tdc108p1.json,https://resource.data.one.gov.hk/td/carpark/vacancy_tdc108p1.json
TDC10P1,Sai Kung Government Offices Carpark,西貢政府合署停車場,西贡政府合署停车场,https://resource.data.one.gov.hk/td/carpark/basic_info_tdc10p1.json,https://resource.data.one.gov.hk/td/carpark/vacancy_tdc10p1.json
TDC10P2,Shatin Government Offices,沙田政府合署,沙田政府合署,https://resource.data.one.gov.hk/td/carpark/basic_info_tdc10p2.json,https://resource.data.one.gov.hk/td/carpark/vacancy_tdc10p2.json
TDC10P3,Cheung Sha Wan Government Offices Car Park,長沙灣政府合署停車場,长沙湾政府合署停车场,https://resource.data.one.gov.hk/td/carpark/basic_info_tdc10p3.json,https://resource.data.one.gov.hk/td/carpark/vacancy_tdc10p3.json
TDC10P4,Revenue TowerWanchai Tower Immigration Tower,灣仔政府大樓、入境事務大樓及稅務大樓,湾仔政府大楼、入境事务大楼及稅务大楼,https://resource.data.one.gov.hk/td/carpark/basic_info_tdc10p4.json,https://resource.data.one.gov.hk/td/carpark/vacancy_tdc10p4.json
TDC10P6,Shun Lee Disciplined Services Quarters,順利紀律部隊宿舍,顺利纪律部队宿舍,https://resource.data.one.gov.hk/td/carpark/basic_info_tdc10p6.json,https://resource.data.one.gov.hk/td/carpark/vacancy_tdc10p6.json
TDC111P1,Trade and Industry Tower Car Park,工業貿易大樓停車場,工业贸易大楼停车场,https://resource.data.one.gov.hk/td/carpark/basic_info_tdc111p1.json,https://resource.data.one.gov.hk/td/carpark/vacancy_tdc111p1.json
TDC113P1,Cyberport Carpark 1 & 2,數碼港停車場(一&二),数码港停车场(一&二),https://resource.data.one.gov.hk/td/carpark/basic_info_tdc113p1.json,https://resource.data.one.gov.hk/td/carpark/vacancy_tdc113p1.json
TDC113P2,Cyberport Carpark 3,數碼港停車場(三),数码港停车场(三),https://resource.data.one.gov.hk/td/carpark/basic_info_tdc113p2.json,https://resource.data.one.gov.hk/td/carpark/vacancy_tdc113p2.json
TDC114P1,Sun Yat Sen Memorial Park,中山紀念公園,中山纪念公园,https://resource.data.one.gov.hk/td/carpark/basic_info_tdc114p1.json,https://resource.data.one.gov.hk/td/carpark/vacancy_tdc114p1.json
TDC114P2,Sun Yat Sen Memorial Park Sports Centre,中山紀念公園體育館,中山纪念公园体育馆,https://resource.data.one.gov.hk/td/carpark/basic_info_tdc114p2.json,https://resource.data.one.gov.hk/td/carpark/vacancy_tdc114p2.json
TDC115P1,Choi Wan (II) Estate Car Park,彩雲(二)邨停車埸,彩云(二)邨停车埸,https://resource.data.one.gov.hk/td/carpark/basic_info_tdc115p1.json,https://resource.data.one.gov.hk/td/carpark/vacancy_tdc115p1.json
TDC117P1,Hong Kong Palace Museum Car Park,香港故宮文化博物館停車場,香港故宫文化博物馆停车场,https://resource.data.one.gov.hk/td/carpark/basic_info_tdc117p1.json,https://resource.data.one.gov.hk/td/carpark/vacancy_tdc117p1.json
TDC118P1,Prince of Wales Hospital Hourly Car Park,威爾斯親王醫院時租停車場,威尔斯亲王医院时租停车场,https://resource.data.one.gov.hk/td/carpark/basic_info_tdc118p1.json,https://resource.data.one.gov.hk/td/carpark/vacancy_tdc118p1.json
TDC119,Queen Mary Hospital (Carpark),瑪麗醫院 (停車場),玛丽医院 (停车场),https://resource.data.one.gov.hk/td/carpark/basic_info_tdc119.json,https://resource.data.one.gov.hk/td/carpark/vacancy_tdc119.json
TDC121P1,Airside,Airside,Airside,https://resource.data.one.gov.hk/td/carpark/basic_info_tdc121p1.json,https://resource.data.one.gov.hk/td/carpark/vacancy_tdc121p1.json
TDC122P1,Chak On Estate Car Park,澤安邨停車場,泽安邨停车场,https://resource.data.one.gov.hk/td/carpark/basic_info_tdc122p1.json,https://resource.data.one.gov.hk/td/carpark/vacancy_tdc122p1.json
TDC124P1,Chun Yeung Shopping Centre Car Park,駿洋商場停車場,骏洋商场停车场,https://resource.data.one.gov.hk/td/carpark/basic_info_tdc124p1.json,https://resource.data.one.gov.hk/td/carpark/vacancy_tdc124p1.json
TDC126P1,Ping Yan Carpark,屏欣停車場,屏欣停车场,https://resource.data.one.gov.hk/td/carpark/basic_info_tdc126p1.json,https://resource.data.one.gov.hk/td/carpark/vacancy_tdc126p1.json
TDC127P1,Tin Heng Estate Car Park,天恒邨停車場,天恒邨停车场,https://resource.data.one.gov.hk/td/carpark/basic_info_tdc127p1.json,https://resource.data.one.gov.hk/td/carpark/vacancy_tdc127p1.json
TDC129P1,Choi Fook Estate Car Park,彩福邨車場,彩福邨车场,https://resource.data.one.gov.hk/td/carpark/basic_info_tdc129p1.json,https://resource.data.one.gov.hk/td/carpark/vacancy_tdc129p1.json
TDC129P2,Choi Hing Court Car Park,彩興苑停車場,彩兴苑停车场,https://resource.data.one.gov.hk/td/carpark/basic_info_tdc129p2.json,https://resource.data.one.gov.hk/td/carpark/vacancy_tdc129p2.json
TDC129P3,Choi Ying Estate Car Park,彩盈邨車場,彩盈邨车场,https://resource.data.one.gov.hk/td/carpark/basic_info_tdc129p3.json,https://resource.data.one.gov.hk/td/carpark/vacancy_tdc129p3.json
TDC129P4,On Kay Court Car Park,安基苑車場,安基苑车场,https://resource.data.one.gov.hk/td/carpark/basic_info_tdc129p4.json,https://resource.data.one.gov.hk/td/carpark/vacancy_tdc129p4.json
TDC130P1,Lower ngau tau kok estate Car Park,牛頭角下邨車場,牛头角下邨车场,https://resource.data.one.gov.hk/td/carpark/basic_info_tdc130p1.json,https://resource.data.one.gov.hk/td/carpark/vacancy_tdc130p1.json
TDC130P2,Wo Lok Estate CPA,和樂邨 A 場,和乐邨 A 场,https://resource.data.one.gov.hk/td/carpark/basic_info_tdc130p2.json,https://resource.data.one.gov.hk/td/carpark/vacancy_tdc130p2.json
TDC130P3,Wo Lok Estate CPB,和樂邨 B 場,和乐邨 B 场,https://resource.data.one.gov.hk/td/carpark/basic_info_tdc130p3.json,https://resource.data.one.gov.hk/td/carpark/vacancy_tdc130p3.json
TDC132P1,Yan Chai Hospital Visitor Carpark,仁濟醫院訪客停車場,仁济医院访客停车场,https://resource.data.one.gov.hk/td/carpark/basic_info_tdc132p1.json,https://resource.data.one.gov.hk/td/carpark/vacancy_tdc132p1.json
TDC134P1,Tuen Mun Hospital Main Block Visitor Carpark,屯門醫院主座訪客停車場,屯门医院主座访客停车场,https://resource.data.one.gov.hk/td/carpark/basic_info_tdc134p1.json,https://resource.data.one.gov.hk/td/carpark/vacancy_tdc134p1.json
TDC136P1,Yung Ming Court Car Park,雍明苑停車場,雍明苑停车场,https://resource.data.one.gov.hk/td/carpark/basic_info_tdc136p1.json,https://resource.data.one.gov.hk/td/carpark/vacancy_tdc136p1.json
TDC139P1,Hong King Garden Parking,屯門康景花園停車場,屯门康景花园停车场,https://resource.data.one.gov.hk/td/carpark/basic_info_tdc139p1.json,https://resource.data.one.gov.hk/td/carpark/vacancy_tdc139p1.json
TDC140P1,Hung Hom Estate Phase II Carpark,紅磡邨二期停車場,红磡邨二期停车场,https://resource.data.one.gov.hk/td/carpark/basic_info_tdc140p1.json,https://resource.data.one.gov.hk/td/carpark/vacancy_tdc140p1.json
TDC141P1,Tak Long Estate Carpark A,德朗邨A停車場,德朗邨A停车场,https://resource.data.one.gov.hk/td/carpark/basic_info_tdc141p1.json,https://resource.data.one.gov.hk/td/carpark/vacancy_tdc141p1.json
TDC141P2,Tak Long Estate Carpark B,德朗邨B停車場,德朗邨B停车场,https://resource.data.one.gov.hk/td/carpark/basic_info_tdc141p2.json,https://resource.data.one.gov.hk/td/carpark/vacancy_tdc141p2.json
TDC142P1,Yan Tin Estate Carpark,欣田邨停車場,欣田邨停车场,https://resource.data.one.gov.hk/td/carpark/basic_info_tdc142p1.json,https://resource.data.one.gov.hk/td/carpark/vacancy_tdc142p1.json
TDC144P1,Hoi Tat Estate carpark,海達邨停車場,海达邨停车场,https://resource.data.one.gov.hk/td/carpark/basic_info_tdc144p1.json,https://resource.data.one.gov.hk/td/carpark/vacancy_tdc144p1.json
TDC146P1,Mong Kok Stadium,旺角大球場,旺角大球场,https://resource.data.one.gov.hk/td/carpark/basic_info_tdc146p1.json,https://resource.data.one.gov.hk/td/carpark/vacancy_tdc146p1.json
TDC147P1,Mun Tung Estate Car park,滿東邨停車場,满东邨停车场,https://resource.data.one.gov.hk/td/carpark/basic_info_tdc147p1.json,https://resource.data.one.gov.hk/td/carpark/vacancy_tdc147p1.json
TDC148P1,Wing Cheong Estate Car Park,榮昌邨停車場,荣昌邨停车场,https://resource.data.one.gov.hk/td/carpark/basic_info_tdc148p1.json,https://resource.data.one.gov.hk/td/carpark/vacancy_tdc148p1.json
TDC149P1,Cheung Ching Estate Car Park,長青邨停車場,长青邨停车场,https://resource.data.one.gov.hk/td/carpark/basic_info_tdc149p1.json,https://resource.data.one.gov.hk/td/carpark/vacancy_tdc149p1.json
TDC149P2,Cheung Ching Shopping Centre Car Park,長青商場停車場,长青商场停车场,https://resource.data.one.gov.hk/td/carpark/basic_info_tdc149p2.json,https://resource.data.one.gov.hk/td/carpark/vacancy_tdc149p2.json
TDC14P1004,Choi Ming Car Park 1 ,彩明1號停車場,彩明1号停车场,https://resource.data.one.gov.hk/td/carpark/basic_info_tdc14p1004.json,https://resource.data.one.gov.hk/td/carpark/vacancy_tdc14p1004.json
TDC14P1005,Choi Ming Car Park 2 ,彩明2號停車場,彩明2号停车场,https://resource.data.one.gov.hk/td/carpark/basic_info_tdc14p1005.json,https://resource.data.one.gov.hk/td/carpark/vacancy_tdc14p1005.json
TDC14P1006,Kin Ming Car Park A ,健明A停車場,健明A停车场,https://resource.data.one.gov.hk/td/carpark/basic_info_tdc14p1006.json,https://resource.data.one.gov.hk/td/carpark/vacancy_tdc14p1006.json
TDC14P1007,Tong Ming Car Park ,唐明停車場,唐明停车场,https://resource.data.one.gov.hk/td/carpark/basic_info_tdc14p1007.json,https://resource.data.one.gov.hk/td/carpark/vacancy_tdc14p1007.json
TDC14P1008,Sheung Tak Car Park A ,尚德A停車場,尚德A停车场,https://resource.data.one.gov.hk/td/carpark/basic_info_tdc14p1008.json,https://resource.data.one.gov.hk/td/carpark/vacancy_tdc14p1008.json
TDC14P1012,Sheung Tak Car Park B ,尚德B停車場,尚德B停车场,https://resource.data.one.gov.hk/td/carpark/basic_info_tdc14p1012.json,https://resource.data.one.gov.hk/td/carpark/vacancy_tdc14p1012.json
TDC14P1015,Oi Tung Car Park ,愛東停車場,爱东停车场,https://resource.data.one.gov.hk/td/carpark/basic_info_tdc14p1015.json,https://resource.data.one.gov.hk/td/carpark/vacancy_tdc14p1015.json
TDC14P1016,Yiu Tung Car Park 1 ,耀東1停車場,耀东1停车场,https://resource.data.one.gov.hk/td/carpark/basic_info_tdc14p1016.json,https://resource.data.one.gov.hk/td/carpark/vacancy_tdc14p1016.json
TDC14P1017,Hing Tung Car Park ,興東停車場,兴东停车场,https://resource.data.one.gov.hk/td/carpark/basic_info_tdc14p1017.json,https://resource.data.one.gov.hk/td/carpark/vacancy_tdc14p1017.json
TDC14P1030,Siu Sai Wan Phase 3 Car Park,小西灣三期停車場,小西湾三期停车场,https://resource.data.one.gov.hk/td/carpark/basic_info_tdc14p1030.json,https://resource.data.one.gov.hk/td/carpark/vacancy_tdc14p1030.json
TDC14P1031,Siu Sai Wan Phase 1 Car Park ,小西灣一期停車場,小西湾一期停车场,https://resource.data.one.gov.hk/td/carpark/basic_info_tdc14p1031.json,https://resource.data.one.gov.hk/td/carpark/vacancy_tdc14p1031.json
TDC14P1032,Tsui Wan Car Park ,翠灣停車場,翠湾停车场,https://resource.data.one.gov.hk/td/carpark/basic_info_tdc14p1032.json,https://resource.data.one.gov.hk/td/carpark/vacancy_tdc14p1032.json
TDC14P1033,Wan Tsui Car Park ,環翠停車場,环翠停车场,https://resource.data.one.gov.hk/td/carpark/basic_info_tdc14p1033.json,https://resource.data.one.gov.hk/td/carpark/vacancy_tdc14p1033.json
TDC14P1034,Hing Wah Car Park B ,興華B停車場,兴华B停车场,https://resource.data.one.gov.hk/td/carpark/basic_info_tdc14p1034.json,https://resource.data.one.gov.hk/td/carpark/vacancy_tdc14p1034.json
TDC14P1037,Yiu Tung Car Park 2 ,耀東2停車場,耀东2停车场,https://resource.data.one.gov.hk/td/carpark/basic_info_tdc14p1037.json,https://resource.data.one.gov.hk/td/carpark/vacancy_tdc14p1037.json
TDC14P2101,Chung On Car Park A ,頌安A停車場,颂安A停车场,https://resource.data.one.gov.hk/td/carpark/basic_info_tdc14p2101.json,https://resource.data.one.gov.hk/td/carpark/vacancy_tdc14p2101.json
TDC14P2104,Heng On Car Park ,恆安停車場,恒安停车场,https://resource.data.one.gov.hk/td/carpark/basic_info_tdc14p2104.json,https://resource.data.one.gov.hk/td/carpark/vacancy_tdc14p2104.json
TDC14P2106,Yiu On Car Park ,耀安停車場,耀安停车场,https://resource.data.one.gov.hk/td/carpark/basic_info_tdc14p2106.json,https://resource.data.one.gov.hk/td/carpark/vacancy_tdc14p2106.json
TDC14P2116,Cheung Wah - Cheung Yu Hs.,祥華A場,祥华A场,https://resource.data.one.gov.hk/td/carpark/basic_info_tdc14p2116.json,https://resource.data.one.gov.hk/td/carpark/vacancy_tdc14p2116.json
TDC14P2117,Cheung Wah - Cheung Chung Hs. Car Park ,祥華B停車場,祥华B停车场,https://resource.data.one.gov.hk/td/carpark/basic_info_tdc14p2117.json,https://resource.data.one.gov.hk/td/carpark/vacancy_tdc14p2117.json
TDC14P2118,Choi Yuen Car Park A ,彩園A停車場,彩园A停车场,https://resource.data.one.gov.hk/td/carpark/basic_info_tdc14p2118.json,https://resource.data.one.gov.hk/td/carpark/vacancy_tdc14p2118.json
TDC14P2119,Choi Yuen Car Park B,彩園B停車場,彩园B停车场,https://resource.data.one.gov.hk/td/carpark/basic_info_tdc14p2119.json,https://resource.data.one.gov.hk/td/carpark/vacancy_tdc14p2119.json
TDC14P2120,Choi Yuen Car Park C,彩園C停車場,彩园C停车场,https://resource.data.one.gov.hk/td/carpark/basic_info_tdc14p2120.json,https://resource.data.one.gov.hk/td/carpark/vacancy_tdc14p2120.json
TDC14P2121,Choi Yuen D,彩園D場,彩园D场,https://resource.data.one.gov.hk/td/carpark/basic_info_tdc14p2121.json,https://resource.data.one.gov.hk/td/carpark/vacancy_tdc14p2121.json
TDC14P3201,Hin Keng Car Park ,顯徑停車場,显径停车场,https://resource.data.one.gov.hk/td/carpark/basic_info_tdc14p3201.json,https://resource.data.one.gov.hk/td/carpark/vacancy_tdc14p3201.json
TDC14P3202,Ka Tin Car Park,嘉田停車場,嘉田停车场,https://resource.data.one.gov.hk/td/carpark/basic_info_tdc14p3202.json,https://resource.data.one.gov.hk/td/carpark/vacancy_tdc14p3202.json
TDC14P3204,Lung Hang A Car Park ,隆亨A停車場,隆亨A停车场,https://resource.data.one.gov.hk/td/carpark/basic_info_tdc14p3204.json,https://resource.data.one.gov.hk/td/carpark/vacancy_tdc14p3204.json
TDC14P3206,Sun Chui Car Park ,新翠停車場,新翠停车场,https://resource.data.one.gov.hk/td/carpark/basic_info_tdc14p3206.json,https://resource.data.one.gov.hk/td/carpark/vacancy_tdc14p3206.json
TDC14P3216,Mei Lam Car Park ,美林停車場,美林停车场,https://resource.data.one.gov.hk/td/carpark/basic_info_tdc14p3216.json,https://resource.data.one.gov.hk/td/carpark/vacancy_tdc14p3216.json
TDC14P3301,Tin Shui Car Park ,天瑞停車場,天瑞停车场,https://resource.data.one.gov.hk/td/carpark/basic_info_tdc14p3301.json,https://resource.data.one.gov.hk/td/carpark/vacancy_tdc14p3301.json
TDC14P3303,Tin Wah Car Park ,天華停車場,天华停车场,https://resource.data.one.gov.hk/td/carpark/basic_info_tdc14p3303.json,https://resource.data.one.gov.hk/td/carpark/vacancy_tdc14p3303.json
TDC14P3304,T Town South Car Park,T Town South 停車場,T Town South 停车场,https://resource.data.one.gov.hk/td/carpark/basic_info_tdc14p3304.json,https://resource.data.one.gov.hk/td/carpark/vacancy_tdc14p3304.json
TDC14P3306,T Town North Car Park,T Town North 停車場,T Town North 停车场,https://resource.data.one.gov.hk/td/carpark/basic_info_tdc14p3306.json,https://resource.data.one.gov.hk/td/carpark/vacancy_tdc14p3306.json
TDC14P3307,Tin Yuet Car Park,天悅停車場,天悦停车场,https://resource.data.one.gov.hk/td/carpark/basic_info_tdc14p3307.json,https://resource.data.one.gov.hk/td/carpark/vacancy_tdc14p3307.json
TDC14P3309,Tin Chak Car Park A ,天澤A停車場,天泽A停车场,https://resource.data.one.gov.hk/td/carpark/basic_info_tdc14p3309.json,https://resource.data.one.gov.hk/td/carpark/vacancy_tdc14p3309.json
TDC14P3311,Tin Yat Car Park ,天逸停車場,天逸停车场,https://resource.data.one.gov.hk/td/carpark/basic_info_tdc14p3311.json,https://resource.data.one.gov.hk/td/carpark/vacancy_tdc14p3311.json
TDC14P3431,Hong Pak Car Park ,康柏停車場,康柏停车场,https://resource.data.one.gov.hk/td/carpark/basic_info_tdc14p3431.json,https://resource.data.one.gov.hk/td/carpark/vacancy_tdc14p3431.json
TDC14P3432,Hong Shui Car Park ,康瑞停車場,康瑞停车场,https://resource.data.one.gov.hk/td/carpark/basic_info_tdc14p3432.json,https://resource.data.one.gov.hk/td/carpark/vacancy_tdc14p3432.json
TDC14P3433,Ko Chun Car Park ,高俊停車場,高俊停车场,https://resource.data.one.gov.hk/td/carpark/basic_info_tdc14p3433.json,https://resource.data.one.gov.hk/td/carpark/vacancy_tdc14p3433.json
TDC14P3434,Ko Yee Car Park ,高怡停車場,高怡停车场,https://resource.data.one.gov.hk/td/carpark/basic_info_tdc14p3434.json,https://resource.data.one.gov.hk/td/carpark/vacancy_tdc14p3434.json
TDC14P3435,Tak Tin Car Park A ,德田A停車場,德田A停车场,https://resource.data.one.gov.hk/td/carpark/basic_info_tdc14p3435.json,https://resource.data.one.gov.hk/td/carpark/vacancy_tdc14p3435.json
TDC14P3436,Tak Tin Car Park B,德田B停車場,德田B停车场,https://resource.data.one.gov.hk/td/carpark/basic_info_tdc14p3436.json,https://resource.data.one.gov.hk/td/carpark/vacancy_tdc14p3436.json
TDC14P3441,Kai Tin (New Wing) Car Park ,啟田新翼停車場,启田新翼停车场,https://resource.data.one.gov.hk/td/carpark/basic_info_tdc14p3441.json,https://resource.data.one.gov.hk/td/carpark/vacancy_tdc14p3441.json
TDC14P3443,Ping Tin Phase 2 Car Park ,平田2期停車場,平田2期停车场,https://resource.data.one.gov.hk/td/carpark/basic_info_tdc14p3443.json,https://resource.data.one.gov.hk/td/carpark/vacancy_tdc14p3443.json
TDC14P3444,Ping Tin Phase 4 Car Park ,平田4期停車場,平田4期停车场,https://resource.data.one.gov.hk/td/carpark/basic_info_tdc14p3444.json,https://resource.data.one.gov.hk/td/carpark/vacancy_tdc14p3444.json
TDC14P3445,Hong Yat Car Park ,康逸停車場,康逸停车场,https://resource.data.one.gov.hk/td/carpark/basic_info_tdc14p3445.json,https://resource.data.one.gov.hk/td/carpark/vacancy_tdc14p3445.json
TDC14P3512,Leung King Car Park ,良景停車場,良景停车场,https://resource.data.one.gov.hk/td/carpark/basic_info_tdc14p3512.json,https://resource.data.one.gov.hk/td/carpark/vacancy_tdc14p3512.json
TDC14P3514,Tin King Car Park,田景停車場,田景停车场,https://resource.data.one.gov.hk/td/carpark/basic_info_tdc14p3514.json,https://resource.data.one.gov.hk/td/carpark/vacancy_tdc14p3514.json
TDC14P3519,Kin Sang Car Park ,建生停車場,建生停车场,https://resource.data.one.gov.hk/td/carpark/basic_info_tdc14p3519.json,https://resource.data.one.gov.hk/td/carpark/vacancy_tdc14p3519.json
TDC14P3520,Tai Hing - Car Park H,大興H停車場,大兴H停车场,https://resource.data.one.gov.hk/td/carpark/basic_info_tdc14p3520.json,https://resource.data.one.gov.hk/td/carpark/vacancy_tdc14p3520.json
TDC14P3521,Tai Hing - Car Park D ,大興D停車場,大兴D停车场,https://resource.data.one.gov.hk/td/carpark/basic_info_tdc14p3521.json,https://resource.data.one.gov.hk/td/carpark/vacancy_tdc14p3521.json
TDC14P3522,Tai Hing - Car Park C ,大興C停車場,大兴C停车场,https://resource.data.one.gov.hk/td/carpark/basic_info_tdc14p3522.json,https://resource.data.one.gov.hk/td/carpark/vacancy_tdc14p3522.json
TDC14P3527,Fu Tai Car Park ,富泰停車場,富泰停车场,https://resource.data.one.gov.hk/td/carpark/basic_info_tdc14p3527.json,https://resource.data.one.gov.hk/td/carpark/vacancy_tdc14p3527.json
TDC14P3554,Kai Tin (Old Wing) Car Park ,啟田舊翼停車場,启田旧翼停车场,https://resource.data.one.gov.hk/td/carpark/basic_info_tdc14p3554.json,https://resource.data.one.gov.hk/td/carpark/vacancy_tdc14p3554.json
TDC14P4219,Yu Chui Car Park A,愉翠A停車場,愉翠A停车场,https://resource.data.one.gov.hk/td/carpark/basic_info_tdc14p4219.json,https://resource.data.one.gov.hk/td/carpark/vacancy_tdc14p4219.json
TDC14P4220,Yu Chui Car Park B,愉翠B停車場,愉翠B停车场,https://resource.data.one.gov.hk/td/carpark/basic_info_tdc14p4220.json,https://resource.data.one.gov.hk/td/carpark/vacancy_tdc14p4220.json
TDC14P4222,Kwong Yuen Car Park A ,廣源A停車場,广源A停车场,https://resource.data.one.gov.hk/td/carpark/basic_info_tdc14p4222.json,https://resource.data.one.gov.hk/td/carpark/vacancy_tdc14p4222.json
TDC14P4223,Lek Yuen Car Park ,瀝源停車場,沥源停车场,https://resource.data.one.gov.hk/td/carpark/basic_info_tdc14p4223.json,https://resource.data.one.gov.hk/td/carpark/vacancy_tdc14p4223.json
TDC14P4225,Wo Che Car Park S ,禾輋S場停車場,禾輋S场停车场,https://resource.data.one.gov.hk/td/carpark/basic_info_tdc14p4225.json,https://resource.data.one.gov.hk/td/carpark/vacancy_tdc14p4225.json
TDC14P4227,Wo Che Car Park F ,禾輋F場停車場,禾輋F场停车场,https://resource.data.one.gov.hk/td/carpark/basic_info_tdc14p4227.json,https://resource.data.one.gov.hk/td/carpark/vacancy_tdc14p4227.json
TDC14P4235,Long Ping Car Park B ,朗屏B停車場,朗屏B停车场,https://resource.data.one.gov.hk/td/carpark/basic_info_tdc14p4235.json,https://resource.data.one.gov.hk/td/carpark/vacancy_tdc14p4235.json
TDC14P4237,Long Ping Car Park D,朗屏D停車場,朗屏D停车场,https://resource.data.one.gov.hk/td/carpark/basic_info_tdc14p4237.json,https://resource.data.one.gov.hk/td/carpark/vacancy_tdc14p4237.json
TDC14P4239,Tin Shing Car Park A,天盛A停車場,天盛A停车场,https://resource.data.one.gov.hk/td/carpark/basic_info_tdc14p4239.json,https://resource.data.one.gov.hk/td/carpark/vacancy_tdc14p4239.json
TDC14P4243,Tin Yiu Car Park A ,天耀A停車場,天耀A停车场,https://resource.data.one.gov.hk/td/carpark/basic_info_tdc14p4243.json,https://resource.data.one.gov.hk/td/carpark/vacancy_tdc14p4243.json
TDC14P4246,Tin Tsz Car Park ,天慈停車場,天慈停车场,https://resource.data.one.gov.hk/td/carpark/basic_info_tdc14p4246.json,https://resource.data.one.gov.hk/td/carpark/vacancy_tdc14p4246.json
TDC14P4258,Sha Kok Car Park 2,沙角2號停車場,沙角2号停车场,https://resource.data.one.gov.hk/td/carpark/basic_info_tdc14p4258.json,https://resource.data.one.gov.hk/td/carpark/vacancy_tdc14p4258.json
TDC14P4259,Sha Kok Car Park 1,沙角1號停車場,沙角1号停车场,https://resource.data.one.gov.hk/td/carpark/basic_info_tdc14p4259.json,https://resource.data.one.gov.hk/td/carpark/vacancy_tdc14p4259.json
TDC14P4312,Kwong Fuk Car Park ,廣褔停車場,广褔停车场,https://resource.data.one.gov.hk/td/carpark/basic_info_tdc14p4312.json,https://resource.data.one.gov.hk/td/carpark/vacancy_tdc14p4312.json
TDC14P4320,Tai Wo Car Park A ,太和A停車場,太和A停车场,https://resource.data.one.gov.hk/td/carpark/basic_info_tdc14p4320.json,https://resource.data.one.gov.hk/td/carpark/vacancy_tdc14p4320.json
TDC14P4321,Tai Wo Car Park B ,太和B停車場,太和B停车场,https://resource.data.one.gov.hk/td/carpark/basic_info_tdc14p4321.json,https://resource.data.one.gov.hk/td/carpark/vacancy_tdc14p4321.json
TDC14P4322,Fu Shin Car Park ,富善停車場,富善停车场,https://resource.data.one.gov.hk/td/carpark/basic_info_tdc14p4322.json,https://resource.data.one.gov.hk/td/carpark/vacancy_tdc14p4322.json
TDC14P4327,Tai Yuen Car Park A ,大元A停車場,大元A停车场,https://resource.data.one.gov.hk/td/carpark/basic_info_tdc14p4327.json,https://resource.data.one.gov.hk/td/carpark/vacancy_tdc14p4327.json
TDC14P4328,Tai Yuen Car Park B,大元B停車場,大元B停车场,https://resource.data.one.gov.hk/td/carpark/basic_info_tdc14p4328.json,https://resource.data.one.gov.hk/td/carpark/vacancy_tdc14p4328.json
TDC14P4330,Fu Heng Car Park A,富亨停車場A,富亨停车场A,https://resource.data.one.gov.hk/td/carpark/basic_info_tdc14p4330.json,https://resource.data.one.gov.hk/td/carpark/vacancy_tdc14p4330.json
TDC14P4332,Lok Fu UNY Car Park ,樂富生活創庫停車場,乐富生活创库停车场,https://resource.data.one.gov.hk/td/carpark/basic_info_tdc14p4332.json,https://resource.data.one.gov.hk/td/carpark/vacancy_tdc14p4332.json
TDC14P4334,Lok Fu Market Car Park ,樂富街市停車場,乐富街市停车场,https://resource.data.one.gov.hk/td/carpark/basic_info_tdc14p4334.json,https://resource.data.one.gov.hk/td/carpark/vacancy_tdc14p4334.json
TDC14P4335,Lok Fu Zone B Car Park ,樂富B區停車場,乐富B区停车场,https://resource.data.one.gov.hk/td/carpark/basic_info_tdc14p4335.json,https://resource.data.one.gov.hk/td/carpark/vacancy_tdc14p4335.json
TDC14P4336,Hong Keung Car Park,康強停車場,康强停车场,https://resource.data.one.gov.hk/td/carpark/basic_info_tdc14p4336.json,https://resource.data.one.gov.hk/td/carpark/vacancy_tdc14p4336.json
TDC14P4337,Tung Tau II Car Park A,東頭二(A)停車場,东头二(A)停车场,https://resource.data.one.gov.hk/td/carpark/basic_info_tdc14p4337.json,https://resource.data.one.gov.hk/td/carpark/vacancy_tdc14p4337.json
TDC14P4352,Lok Fu Estate Car Park ,樂富邨停車場,乐富邨停车场,https://resource.data.one.gov.hk/td/carpark/basic_info_tdc14p4352.json,https://resource.data.one.gov.hk/td/carpark/vacancy_tdc14p4352.json
TDC14P5128,TKO Gateway Car Park West,TKO Gateway 西翼停車場,TKO Gateway 西翼停车场,https://resource.data.one.gov.hk/td/carpark/basic_info_tdc14p5128.json,https://resource.data.one.gov.hk/td/carpark/vacancy_tdc14p5128.json
TDC14P5129,TKO Gateway Car Park East,TKO Gateway 東翼停車場,TKO Gateway 东翼停车场,https://resource.data.one.gov.hk/td/carpark/basic_info_tdc14p5129.json,https://resource.data.one.gov.hk/td/carpark/vacancy_tdc14p5129.json
TDC14P5132,Wo Ming Car Park ,和明停車場,和明停车场,https://resource.data.one.gov.hk/td/carpark/basic_info_tdc14p5132.json,https://resource.data.one.gov.hk/td/carpark/vacancy_tdc14p5132.json
TDC14P5135,Yan Ming Court Car Park ,欣明停車場,欣明停车场,https://resource.data.one.gov.hk/td/carpark/basic_info_tdc14p5135.json,https://resource.data.one.gov.hk/td/carpark/vacancy_tdc14p5135.json
TDC14P5136,Ying Ming Court Car Park ,英明停車場,英明停车场,https://resource.data.one.gov.hk/td/carpark/basic_info_tdc14p5136.json,https://resource.data.one.gov.hk/td/carpark/vacancy_tdc14p5136.json
TDC14P5137,Po Lam Car Park ,寶林停車場,宝林停车场,https://resource.data.one.gov.hk/td/carpark/basic_info_tdc14p5137.json,https://resource.data.one.gov.hk/td/carpark/vacancy_tdc14p5137.json
TDC14P5406,Wah Lai Car Park,華荔停車場,华荔停车场,https://resource.data.one.gov.hk/td/carpark/basic_info_tdc14p5406.json,https://resource.data.one.gov.hk/td/carpark/vacancy_tdc14p5406.json
TDC14P5408,Un Chau Car Park,元州停車場,元州停车场,https://resource.data.one.gov.hk/td/carpark/basic_info_tdc14p5408.json,https://resource.data.one.gov.hk/td/carpark/vacancy_tdc14p5408.json
TDC14P5419,Fu Cheong Car Park A ,富昌A停車場,富昌A停车场,https://resource.data.one.gov.hk/td/carpark/basic_info_tdc14p5419.json,https://resource.data.one.gov.hk/td/carpark/vacancy_tdc14p5419.json
TDC14P5421,Nam Cheong Car Park ,南昌停車場,南昌停车场,https://resource.data.one.gov.hk/td/carpark/basic_info_tdc14p5421.json,https://resource.data.one.gov.hk/td/carpark/vacancy_tdc14p5421.json
TDC14P5528,Chuk Yuen (S) Car Park,竹園南停車場(多層),竹园南停车场(多层),https://resource.data.one.gov.hk/td/carpark/basic_info_tdc14p5528.json,https://resource.data.one.gov.hk/td/carpark/vacancy_tdc14p5528.json
TDC14P5532,Temple Mall North Car Park,黃大仙中心 北館 停車場,黄大仙中心 北馆 停车场,https://resource.data.one.gov.hk/td/carpark/basic_info_tdc14p5532.json,https://resource.data.one.gov.hk/td/carpark/vacancy_tdc14p5532.json
TDC14P5534,Temple Mall South Car Park A,黃大仙中心 南館 A停車場,黄大仙中心 南馆 A停车场,https://resource.data.one.gov.hk/td/carpark/basic_info_tdc14p5534.json,https://resource.data.one.gov.hk/td/carpark/vacancy_tdc14p5534.json
TDC14P5535,Temple Mall South Car Park B,黃大仙中心 南館 B停車場,黄大仙中心 南馆 B停车场,https://resource.data.one.gov.hk/td/carpark/basic_info_tdc14p5535.json,https://resource.data.one.gov.hk/td/carpark/vacancy_tdc14p5535.json
TDC14P5536,Wong Tai Sin SC Lower II Car Park,黃大仙二區有蓋停車場,黄大仙二区有盖停车场,https://resource.data.one.gov.hk/td/carpark/basic_info_tdc14p5536.json,https://resource.data.one.gov.hk/td/carpark/vacancy_tdc14p5536.json
TDC14P5718,Ning Fung Car Park,寧峰停車場,宁峰停车场,https://resource.data.one.gov.hk/td/carpark/basic_info_tdc14p5718.json,https://resource.data.one.gov.hk/td/carpark/vacancy_tdc14p5718.json
TDC14P5727,Yin Lai Car Park ,賢麗停車場,贤丽停车场,https://resource.data.one.gov.hk/td/carpark/basic_info_tdc14p5727.json,https://resource.data.one.gov.hk/td/carpark/vacancy_tdc14p5727.json
TDC14P5904,Ying Fuk Car Park,盈福停車場,盈福停车场,https://resource.data.one.gov.hk/td/carpark/basic_info_tdc14p5904.json,https://resource.data.one.gov.hk/td/carpark/vacancy_tdc14p5904.json
TDC14P6401,Stanley Plaza Car Park ,赤柱廣場停車場,赤柱广场停车场,https://resource.data.one.gov.hk/td/carpark/basic_info_tdc14p6401.json,https://resource.data.one.gov.hk/td/carpark/vacancy_tdc14p6401.json
TDC14P6601,Sau Mau Ping SC Car Park ,秀茂坪商場停車場,秀茂坪商场停车场,https://resource.data.one.gov.hk/td/carpark/basic_info_tdc14p6601.json,https://resource.data.one.gov.hk/td/carpark/vacancy_tdc14p6601.json
TDC14P6602,Sau Mau Ping Phase 15 Car Park ,秀茂坪15期停車場,秀茂坪15期停车场,https://resource.data.one.gov.hk/td/carpark/basic_info_tdc14p6602.json,https://resource.data.one.gov.hk/td/carpark/vacancy_tdc14p6602.json
TDC14P6603,Sau Mau Ping Phase 1 Car Park,秀茂坪1期停車場,秀茂坪1期停车场,https://resource.data.one.gov.hk/td/carpark/basic_info_tdc14p6603.json,https://resource.data.one.gov.hk/td/carpark/vacancy_tdc14p6603.json
TDC14P6604,Sau Mau Ping Phase 3 Car Park ,秀茂坪3期停車場,秀茂坪3期停车场,https://resource.data.one.gov.hk/td/carpark/basic_info_tdc14p6604.json,https://resource.data.one.gov.hk/td/carpark/vacancy_tdc14p6604.json
TDC14P6605,Po Tat Car Park A ,寶達 A停車場,宝达 A停车场,https://resource.data.one.gov.hk/td/carpark/basic_info_tdc14p6605.json,https://resource.data.one.gov.hk/td/carpark/vacancy_tdc14p6605.json
TDC14P6606,Po Tat Car Park B and C ,寶達 B & C停車場,宝达 B & C停车场,https://resource.data.one.gov.hk/td/carpark/basic_info_tdc14p6606.json,https://resource.data.one.gov.hk/td/carpark/vacancy_tdc14p6606.json
TDC14P6607,Hiu Lai Car Park ,曉麗停車場,晓丽停车场,https://resource.data.one.gov.hk/td/carpark/basic_info_tdc14p6607.json,https://resource.data.one.gov.hk/td/carpark/vacancy_tdc14p6607.json
TDC14P6608,Cheung Fat Car Park ,長發停車場,长发停车场,https://resource.data.one.gov.hk/td/carpark/basic_info_tdc14p6608.json,https://resource.data.one.gov.hk/td/carpark/vacancy_tdc14p6608.json
TDC14P6609,Ching Wang Court Car Park,青宏停車場,青宏停车场,https://resource.data.one.gov.hk/td/carpark/basic_info_tdc14p6609.json,https://resource.data.one.gov.hk/td/carpark/vacancy_tdc14p6609.json
TDC14P6610,Cheung On Phase 1 Car Park ,長安1期停車場,长安1期停车场,https://resource.data.one.gov.hk/td/carpark/basic_info_tdc14p6610.json,https://resource.data.one.gov.hk/td/carpark/vacancy_tdc14p6610.json
TDC14P6611,Cheung On Phase 2 Car Park ,長安2期停車場,长安2期停车场,https://resource.data.one.gov.hk/td/carpark/basic_info_tdc14p6611.json,https://resource.data.one.gov.hk/td/carpark/vacancy_tdc14p6611.json
TDC14P6620,Ching Wah Court Car Park ,青華停車場,青华停车场,https://resource.data.one.gov.hk/td/carpark/basic_info_tdc14p6620.json,https://resource.data.one.gov.hk/td/carpark/vacancy_tdc14p6620.json
TDC14P6639,Lok Wah (S) MS Car Park,樂華南-多層停車場,乐华南-多层停车场,https://resource.data.one.gov.hk/td/carpark/basic_info_tdc14p6639.json,https://resource.data.one.gov.hk/td/carpark/vacancy_tdc14p6639.json
TDC14P6640,Lok Wah (N) CPA,樂華北A,乐华北A,https://resource.data.one.gov.hk/td/carpark/basic_info_tdc14p6640.json,https://resource.data.one.gov.hk/td/carpark/vacancy_tdc14p6640.json
TDC14P6641,Lok Wah (N) B Car Park ,樂華北B停車場,乐华北B停车场,https://resource.data.one.gov.hk/td/carpark/basic_info_tdc14p6641.json,https://resource.data.one.gov.hk/td/carpark/vacancy_tdc14p6641.json
TDC14P6643,Upper Ngau Tau Kok Ph1 Car Park,牛頭角上1期停車場,牛头角上1期停车场,https://resource.data.one.gov.hk/td/carpark/basic_info_tdc14p6643.json,https://resource.data.one.gov.hk/td/carpark/vacancy_tdc14p6643.json
TDC14P6645,Cheung Wang Car Park ,長宏停車場,长宏停车场,https://resource.data.one.gov.hk/td/carpark/basic_info_tdc14p6645.json,https://resource.data.one.gov.hk/td/carpark/vacancy_tdc14p6645.json
TDC14P6713,Kwai Hong Car Park,葵康停車場,葵康停车场,https://resource.data.one.gov.hk/td/carpark/basic_info_tdc14p6713.json,https://resource.data.one.gov.hk/td/carpark/vacancy_tdc14p6713.json
TDC14P6728,Yat Tung Car Park 2 & 3 (Sin Yat) ,逸東2號及3號(善逸)停車場,逸东2号及3号(善逸)停车场,https://resource.data.one.gov.hk/td/carpark/basic_info_tdc14p6728.json,https://resource.data.one.gov.hk/td/carpark/vacancy_tdc14p6728.json
TDC14P6729,Yat Tung Car Park 1 (Mei Yat) ,逸東1號(美逸)停車場,逸东1号(美逸)停车场,https://resource.data.one.gov.hk/td/carpark/basic_info_tdc14p6729.json,https://resource.data.one.gov.hk/td/carpark/vacancy_tdc14p6729.json
TDC14P6730,Fu Tung Car Park A ,富東A停車場,富东A停车场,https://resource.data.one.gov.hk/td/carpark/basic_info_tdc14p6730.json,https://resource.data.one.gov.hk/td/carpark/vacancy_tdc14p6730.json
TDC14P7542,Tsui Ping North Phase 1 Car Park ,翠屏北 1 號停車場,翠屏北 1 号停车场,https://resource.data.one.gov.hk/td/carpark/basic_info_tdc14p7542.json,https://resource.data.one.gov.hk/td/carpark/vacancy_tdc14p7542.json
TDC14P7543,Tsui Ping South Car Park,翠屏南停車場,翠屏南停车场,https://resource.data.one.gov.hk/td/carpark/basic_info_tdc14p7543.json,https://resource.data.one.gov.hk/td/carpark/vacancy_tdc14p7543.json
TDC14P7545,Po Pui Car Park,寶珮停車場,宝珮停车场,https://resource.data.one.gov.hk/td/carpark/basic_info_tdc14p7545.json,https://resource.data.one.gov.hk/td/carpark/vacancy_tdc14p7545.json
TDC14P7622,Tsz Wan Shan Centre Car Park ,慈雲山中心停車場,慈云山中心停车场,https://resource.data.one.gov.hk/td/carpark/basic_info_tdc14p7622.json,https://resource.data.one.gov.hk/td/carpark/vacancy_tdc14p7622.json
TDC14P7623,Tsz Oi Car Park,慈愛停車場,慈爱停车场,https://resource.data.one.gov.hk/td/carpark/basic_info_tdc14p7623.json,https://resource.data.one.gov.hk/td/carpark/vacancy_tdc14p7623.json
TDC14P7628,Tsz Man Car Park,慈民停車場,慈民停车场,https://resource.data.one.gov.hk/td/carpark/basic_info_tdc14p7628.json,https://resource.data.one.gov.hk/td/carpark/vacancy_tdc14p7628.json
TDC14P7629,Fung Tak Car Park ,鳳德停車場,凤德停车场,https://resource.data.one.gov.hk/td/carpark/basic_info_tdc14p7629.json,https://resource.data.one.gov.hk/td/carpark/vacancy_tdc14p7629.json
TDC14P7632,Tsz Lok Phase 1 Car Park ,慈樂1期停車場,慈乐1期停车场,https://resource.data.one.gov.hk/td/carpark/basic_info_tdc14p7632.json,https://resource.data.one.gov.hk/td/carpark/vacancy_tdc14p7632.json
TDC14P7633,Tsz Lok Phase 2 Car Park ,慈樂2期停車場,慈乐2期停车场,https://resource.data.one.gov.hk/td/carpark/basic_info_tdc14p7633.json,https://resource.data.one.gov.hk/td/carpark/vacancy_tdc14p7633.json
TDC14P7636,Tsz Lok Phase 3 Car Park ,慈樂3期停車場,慈乐3期停车场,https://resource.data.one.gov.hk/td/carpark/basic_info_tdc14p7636.json,https://resource.data.one.gov.hk/td/carpark/vacancy_tdc14p7636.json
TDC14P7645,Fung Lai Car Park,鳳禮停車場,凤礼停车场,https://resource.data.one.gov.hk/td/carpark/basic_info_tdc14p7645.json,https://resource.data.one.gov.hk/td/carpark/vacancy_tdc14p7645.json
TDC14P7646,King Lai Car Park,瓊麗停車場,琼丽停车场,https://resource.data.one.gov.hk/td/carpark/basic_info_tdc14p7646.json,https://resource.data.one.gov.hk/td/carpark/vacancy_tdc14p7646.json
TDC14P7732,Choi Wan Car Park A,彩雲A停車場,彩云A停车场,https://resource.data.one.gov.hk/td/carpark/basic_info_tdc14p7732.json,https://resource.data.one.gov.hk/td/carpark/vacancy_tdc14p7732.json
TDC14P7733,Choi Wan Car Park B & C,"彩雲B,C停車場","彩云B,C停车场",https://resource.data.one.gov.hk/td/carpark/basic_info_tdc14p7733.json,https://resource.data.one.gov.hk/td/carpark/vacancy_tdc14p7733.json
TDC14P7737,Shun Lee Car Park A ,順利A停車場,顺利A停车场,https://resource.data.one.gov.hk/td/carpark/basic_info_tdc14p7737.json,https://resource.data.one.gov.hk/td/carpark/vacancy_tdc14p7737.json
TDC14P7739,Shun Lee Car Park B ,順利B停車場,顺利B停车场,https://resource.data.one.gov.hk/td/carpark/basic_info_tdc14p7739.json,https://resource.data.one.gov.hk/td/carpark/vacancy_tdc14p7739.json
TDC14P7740,Shun Lee Car Park C,順利C停車場,顺利C停车场,https://resource.data.one.gov.hk/td/carpark/basic_info_tdc14p7740.json,https://resource.data.one.gov.hk/td/carpark/vacancy_tdc14p7740.json
TDC14P7742,Shun On Car Park ,順安停車場,顺安停车场,https://resource.data.one.gov.hk/td/carpark/basic_info_tdc14p7742.json,https://resource.data.one.gov.hk/td/carpark/vacancy_tdc14p7742.json
TDC14P8423,Oi Man Car Park ,愛民停車場,爱民停车场,https://resource.data.one.gov.hk/td/carpark/basic_info_tdc14p8423.json,https://resource.data.one.gov.hk/td/carpark/vacancy_tdc14p8423.json
TDC14P8424,Ho Man Tin Car Park ,何文田停車場,何文田停车场,https://resource.data.one.gov.hk/td/carpark/basic_info_tdc14p8424.json,https://resource.data.one.gov.hk/td/carpark/vacancy_tdc14p8424.json
TDC14P8426,Hung Hom Car Park ,紅磡停車場,红磡停车场,https://resource.data.one.gov.hk/td/carpark/basic_info_tdc14p8426.json,https://resource.data.one.gov.hk/td/carpark/vacancy_tdc14p8426.json
TDC14P8428,Hoi Fu Car Park ,海富停車場,海富停车场,https://resource.data.one.gov.hk/td/carpark/basic_info_tdc14p8428.json,https://resource.data.one.gov.hk/td/carpark/vacancy_tdc14p8428.json
TDC14P8502,Butterfly Inner Car Park,蝴蝶停車場,蝴蝶停车场,https://resource.data.one.gov.hk/td/carpark/basic_info_tdc14p8502.json,https://resource.data.one.gov.hk/td/carpark/vacancy_tdc14p8502.json
TDC14P8511,Sam Shing Car Park ,三聖停車場,三圣停车场,https://resource.data.one.gov.hk/td/carpark/basic_info_tdc14p8511.json,https://resource.data.one.gov.hk/td/carpark/vacancy_tdc14p8511.json
TDC14P8888,The Quayside Car Park,海濱匯停車場,海滨汇停车场,https://resource.data.one.gov.hk/td/carpark/basic_info_tdc14p8888.json,https://resource.data.one.gov.hk/td/carpark/vacancy_tdc14p8888.json
TDC150P1,Ying Tung Estate Carpark,迎東邨停車場,迎东邨停车场,https://resource.data.one.gov.hk/td/carpark/basic_info_tdc150p1.json,https://resource.data.one.gov.hk/td/carpark/vacancy_tdc150p1.json
TDC151P1,Kai Chuen Court Carpark,啟鑽苑停車場,启钻苑停车场,https://resource.data.one.gov.hk/td/carpark/basic_info_tdc151p1.json,https://resource.data.one.gov.hk/td/carpark/vacancy_tdc151p1.json
TDC153P1,New Territories (Shatin) Forensic Medicine Centre,新界 (沙田)法醫學大樓,新界 (沙田)法医学大楼,https://resource.data.one.gov.hk/td/carpark/basic_info_tdc153p1.json,https://resource.data.one.gov.hk/td/carpark/vacancy_tdc153p1.json
TDC157P1,Ma Tau Wai Estate Car Park,馬頭圍邨停車場,马头围邨停车场,https://resource.data.one.gov.hk/td/carpark/basic_info_tdc157p1.json,https://resource.data.one.gov.hk/td/carpark/vacancy_tdc157p1.json
TDC158P1,Shek Mun Estate Phase 1 Car park,碩門邨一期停車場,硕门邨一期停车场,https://resource.data.one.gov.hk/td/carpark/basic_info_tdc158p1.json,https://resource.data.one.gov.hk/td/carpark/vacancy_tdc158p1.json
TDC158P2,Shek Mun Estate Phase 2 Car park,碩門邨二期停車場,硕门邨二期停车场,https://resource.data.one.gov.hk/td/carpark/basic_info_tdc158p2.json,https://resource.data.one.gov.hk/td/carpark/vacancy_tdc158p2.json
TDC159P1,Shek Kip Mei Estate (Phase 6) Car Park,石硤尾邨第六期停車場,石硖尾邨第六期停车场,https://resource.data.one.gov.hk/td/carpark/basic_info_tdc159p1.json,https://resource.data.one.gov.hk/td/carpark/vacancy_tdc159p1.json
TDC15P1,Hong Kong-Zhuhai-Macao Bridge Hong Kong Port car park 1,港珠澳大橋香港口岸1號停車場,港珠澳大桥香港口岸1号停车场,https://resource.data.one.gov.hk/td/carpark/basic_info_tdc15p1.json,https://resource.data.one.gov.hk/td/carpark/vacancy_tdc15p1.json
TDC15P2,Hong Kong-Zhuhai-Macao Bridge Hong Kong Port car park 2,港珠澳大橋香港口岸2號停車場,港珠澳大桥香港口岸2号停车场,https://resource.data.one.gov.hk/td/carpark/basic_info_tdc15p2.json,https://resource.data.one.gov.hk/td/carpark/vacancy_tdc15p2.json
TDC15P3,Hong Kong-Zhuhai-Macao Bridge Hong Kong Port car park 3,港珠澳大橋香港口岸3號停車場,港珠澳大桥香港口岸3号停车场,https://resource.data.one.gov.hk/td/carpark/basic_info_tdc15p3.json,https://resource.data.one.gov.hk/td/carpark/vacancy_tdc15p3.json
TDC15P4,Hong Kong-Zhuhai-Macao Bridge Hong Kong Port car park 4,港珠澳大橋香港口岸4號停車場,港珠澳大桥香港口岸4号停车场,https://resource.data.one.gov.hk/td/carpark/basic_info_tdc15p4.json,https://resource.data.one.gov.hk/td/carpark/vacancy_tdc15p4.json
TDC15P5,Hong Kong-Zhuhai-Macao Bridge Hong Kong Port car park 5,港珠澳大橋香港口岸5號停車場,港珠澳大桥香港口岸5号停车场,https://resource.data.one.gov.hk/td/carpark/basic_info_tdc15p5.json,https://resource.data.one.gov.hk/td/carpark/vacancy_tdc15p5.json
TDC166P1,Phase 1 Carpark of Tin Ching Estate,天晴邨第一期停車場,天晴邨第一期停车场,https://resource.data.one.gov.hk/td/carpark/basic_info_tdc166p1.json,https://resource.data.one.gov.hk/td/carpark/vacancy_tdc166p1.json
TDC166P2,Phase 2 Carpark of Tin Ching Estate,天晴邨第二期停車場,天晴邨第二期停车场,https://resource.data.one.gov.hk/td/carpark/basic_info_tdc166p2.json,https://resource.data.one.gov.hk/td/carpark/vacancy_tdc166p2.json
TDC166P3,Phase 3 Carpark of Tin Ching Estate,天晴邨第三期停車場,天晴邨第三期停车场,https://resource.data.one.gov.hk/td/carpark/basic_info_tdc166p3.json,https://resource.data.one.gov.hk/td/carpark/vacancy_tdc166p3.json
TDC168P1,The Twins Carpark Tower I,雙子匯1座停車場,双子汇1座停车场,https://resource.data.one.gov.hk/td/carpark/basic_info_tdc168p1.json,https://resource.data.one.gov.hk/td/carpark/vacancy_tdc168p1.json
TDC173P1,Choi Po Court Car Park,彩蒲苑停車場,彩蒲苑停车场,https://resource.data.one.gov.hk/td/carpark/basic_info_tdc173p1.json,https://resource.data.one.gov.hk/td/carpark/vacancy_tdc173p1.json
TDC177P1,KTR350 Car Park,KTR350 停車場,KTR350 停车场,https://resource.data.one.gov.hk/td/carpark/basic_info_tdc177p1.json,https://resource.data.one.gov.hk/td/carpark/vacancy_tdc177p1.json
TDC17P1,WKCD Xiqu Centre Car Park,西九文化區戲曲中心停車場,西九文化区戏曲中心停车场,https://resource.data.one.gov.hk/td/carpark/basic_info_tdc17p1.json,https://resource.data.one.gov.hk/td/carpark/vacancy_tdc17p1.json
TDC17P2,Art Park Car Park,藝術公園停車場,艺术公园停车场,https://resource.data.one.gov.hk/td/carpark/basic_info_tdc17p2.json,https://resource.data.one.gov.hk/td/carpark/vacancy_tdc17p2.json
TDC17P3,West Gate Open Car Park,西閘露天停車場,西闸露天停车场,https://resource.data.one.gov.hk/td/carpark/basic_info_tdc17p3.json,https://resource.data.one.gov.hk/td/carpark/vacancy_tdc17p3.json
TDC1P1,LEE GARDEN ONE CAR PARK,利園一期停車場,利园一期停车场,https://resource.data.one.gov.hk/td/carpark/basic_info_tdc1p1.json,https://resource.data.one.gov.hk/td/carpark/vacancy_tdc1p1.json
TDC1P2,LEE GARDEN TWO CAR PARK,利園二期停車場,利园二期停车场,https://resource.data.one.gov.hk/td/carpark/basic_info_tdc1p2.json,https://resource.data.one.gov.hk/td/carpark/vacancy_tdc1p2.json
TDC1P3,LEIGHTON CAR PARK,禮頓中心停車場,礼顿中心停车场,https://resource.data.one.gov.hk/td/carpark/basic_info_tdc1p3.json,https://resource.data.one.gov.hk/td/carpark/vacancy_tdc1p3.json
TDC1P4,Hysan Place Car Park,希慎廣場停車場,希慎广场停车场,https://resource.data.one.gov.hk/td/carpark/basic_info_tdc1p4.json,https://resource.data.one.gov.hk/td/carpark/vacancy_tdc1p4.json
TDC1P5,Lee Garden Three Car Park,利園三期停車場,利园三期停车场,https://resource.data.one.gov.hk/td/carpark/basic_info_tdc1p5.json,https://resource.data.one.gov.hk/td/carpark/vacancy_tdc1p5.json
TDC20P1,Hong Kong Wetland Park Car Park,香港濕地公園停車場,香港湿地公园停车场,https://resource.data.one.gov.hk/td/carpark/basic_info_tdc20p1.json,https://resource.data.one.gov.hk/td/carpark/vacancy_tdc20p1.json
TDC21P1,Peak Galleria,山頂廣場,山顶广场,https://resource.data.one.gov.hk/td/carpark/basic_info_tdc21p1.json,https://resource.data.one.gov.hk/td/carpark/vacancy_tdc21p1.json
TDC22P1,Hong Kong Disneyland Car Park,香港迪士尼樂園私家車停車場,香港迪士尼乐园私家车停车场,https://resource.data.one.gov.hk/td/carpark/basic_info_tdc22p1.json,https://resource.data.one.gov.hk/td/carpark/vacancy_tdc22p1.json
TDC248P1,Ka Fu Fong Public Car Park,嘉富坊公眾停車場,嘉富坊公众停车场,https://resource.data.one.gov.hk/td/carpark/basic_info_tdc248p1.json,https://resource.data.one.gov.hk/td/carpark/vacancy_tdc248p1.json
TDC25P35,Technology Park,達利廣場,达利广场,https://resource.data.one.gov.hk/td/carpark/basic_info_tdc25p35.json,https://resource.data.one.gov.hk/td/carpark/vacancy_tdc25p35.json
TDC25P36,Technology Plaza,科技中心,科技中心,https://resource.data.one.gov.hk/td/carpark/basic_info_tdc25p36.json,https://resource.data.one.gov.hk/td/carpark/vacancy_tdc25p36.json
TDC25P37,Sunshine Plaza,陽光廣場,阳光广场,https://resource.data.one.gov.hk/td/carpark/basic_info_tdc25p37.json,https://resource.data.one.gov.hk/td/carpark/vacancy_tdc25p37.json
TDC25P38,Jumbo Court,珍寶閣,珍宝阁,https://resource.data.one.gov.hk/td/carpark/basic_info_tdc25p38.json,https://resource.data.one.gov.hk/td/carpark/vacancy_tdc25p38.json
TDC25P39,Sunley Centre,崇利中心,崇利中心,https://resource.data.one.gov.hk/td/carpark/basic_info_tdc25p39.json,https://resource.data.one.gov.hk/td/carpark/vacancy_tdc25p39.json
TDC25P40,Chai Wan Industrial City Phase I,柴灣工業城一期,柴湾工业城一期,https://resource.data.one.gov.hk/td/carpark/basic_info_tdc25p40.json,https://resource.data.one.gov.hk/td/carpark/vacancy_tdc25p40.json
TDC25P41,Chai Wan Industrial City Phase II,柴灣工業城二期,柴湾工业城二期,https://resource.data.one.gov.hk/td/carpark/basic_info_tdc25p41.json,https://resource.data.one.gov.hk/td/carpark/vacancy_tdc25p41.json
TDC25P42,Cornell Centre,港利中心,港利中心,https://resource.data.one.gov.hk/td/carpark/basic_info_tdc25p42.json,https://resource.data.one.gov.hk/td/carpark/vacancy_tdc25p42.json
TDC25P43,Tuen Mun Town Plaza Phase 2,屯門市廣場第二期,屯门市广场第二期,https://resource.data.one.gov.hk/td/carpark/basic_info_tdc25p43.json,https://resource.data.one.gov.hk/td/carpark/vacancy_tdc25p43.json
TDC25P44,Hewlett Centre,豐利中心,丰利中心,https://resource.data.one.gov.hk/td/carpark/basic_info_tdc25p44.json,https://resource.data.one.gov.hk/td/carpark/vacancy_tdc25p44.json
TDC25P46,Yue Man Square,裕民坊,裕民坊,https://resource.data.one.gov.hk/td/carpark/basic_info_tdc25p46.json,https://resource.data.one.gov.hk/td/carpark/vacancy_tdc25p46.json
TDC26P1,No.1 Lei Yue Mun Path Public Carpark ,鯉魚門徑1號公眾停車場,鲤鱼门径1号公众停车场,https://resource.data.one.gov.hk/td/carpark/basic_info_tdc26p1.json,https://resource.data.one.gov.hk/td/carpark/vacancy_tdc26p1.json
TDC26P2,Pioneer Centre Car Park,始創中心停車場,始创中心停车场,https://resource.data.one.gov.hk/td/carpark/basic_info_tdc26p2.json,https://resource.data.one.gov.hk/td/carpark/vacancy_tdc26p2.json
TDC27P1,Kowloon Tsai Park Carpark,九龍仔公園停車場,九龙仔公园停车场,https://resource.data.one.gov.hk/td/carpark/basic_info_tdc27p1.json,https://resource.data.one.gov.hk/td/carpark/vacancy_tdc27p1.json
TDC28P1,Heung Yuen Wai BCP Public Car Park-Private Car & Motorcycle,香園圍口岸公眾停車場-私家車及電單車,香园围口岸公众停车场-私家车及电单车,https://resource.data.one.gov.hk/td/carpark/basic_info_tdc28p1.json,https://resource.data.one.gov.hk/td/carpark/vacancy_tdc28p1.json
TDC28P3,Heung Yuen Wai BCP Public Car Park-Light Goods Vehicle,香園圍邊境管制站公共停車場-輕型貨車,香园围边境管制站公共停车场-轻型货车,https://resource.data.one.gov.hk/td/carpark/basic_info_tdc28p3.json,https://resource.data.one.gov.hk/td/carpark/vacancy_tdc28p3.json
TDC29P1,Hong Kong Heritage Museum Carpark,香港文化博物館停車場,香港文化博物馆停车场,https://resource.data.one.gov.hk/td/carpark/basic_info_tdc29p1.json,https://resource.data.one.gov.hk/td/carpark/vacancy_tdc29p1.json
TDC2P1,AIRPORT CAR PARK 1 (HOURLY),機場一號停車埸(時租),机场一号停车埸(时租),https://resource.data.one.gov.hk/td/carpark/basic_info_tdc2p1.json,https://resource.data.one.gov.hk/td/carpark/vacancy_tdc2p1.json
TDC2P10,Airport Car Park - Light Goods Vehicle (HOURLY),機場停車場 - 輕型貨車(時租),机场停车场 - 轻型货车(时租),https://resource.data.one.gov.hk/td/carpark/basic_info_tdc2p10.json,https://resource.data.one.gov.hk/td/carpark/vacancy_tdc2p10.json
TDC2P11,Airport Car Park - Light Goods Vehicle (LONG-TERM),機場停車場 - 輕型貨車(長期停放),机场停车场 - 轻型货车(长期停放),https://resource.data.one.gov.hk/td/carpark/basic_info_tdc2p11.json,https://resource.data.one.gov.hk/td/carpark/vacancy_tdc2p11.json
TDC2P4,AIRPORT CAR PARK 4,機場四號停車埸,机场四号停车埸,https://resource.data.one.gov.hk/td/carpark/basic_info_tdc2p4.json,https://resource.data.one.gov.hk/td/carpark/vacancy_tdc2p4.json
TDC2P8,Airport Car Park - Urban & Lantau Taxi (HOURLY),機場停車場 - 市區及大嶼山的士(時租),机场停车场 - 市区及大屿山的士(时租),https://resource.data.one.gov.hk/td/carpark/basic_info_tdc2p8.json,https://resource.data.one.gov.hk/td/carpark/vacancy_tdc2p8.json
TDC2P9,Airport Car Park - Urban & Lantau Taxi (LONG-TERM),機場停車場 - 市區及大嶼山的士(長期停放),机场停车场 - 市区及大屿山的士(长期停放),https://resource.data.one.gov.hk/td/carpark/basic_info_tdc2p9.json,https://resource.data.one.gov.hk/td/carpark/vacancy_tdc2p9.json
TDC30P1,Nina Tower,如心廣場,如心广场,https://resource.data.one.gov.hk/td/carpark/basic_info_tdc30p1.json,https://resource.data.one.gov.hk/td/carpark/vacancy_tdc30p1.json
TDC31P1,Wong Tai Sin Car Park,黃大仙停車場,黄大仙停车场,https://resource.data.one.gov.hk/td/carpark/basic_info_tdc31p1.json,https://resource.data.one.gov.hk/td/carpark/vacancy_tdc31p1.json
TDC32P1,Wah Fu (I) Estate,華富(一)邨,华富(一)邨,https://resource.data.one.gov.hk/td/carpark/basic_info_tdc32p1.json,https://resource.data.one.gov.hk/td/carpark/vacancy_tdc32p1.json
TDC32P2,Wah Fu (II) Estate,華富(二)邨,华富(二)邨,https://resource.data.one.gov.hk/td/carpark/basic_info_tdc32p2.json,https://resource.data.one.gov.hk/td/carpark/vacancy_tdc32p2.json
TDC32P3,Shek Kip Mei Estate,石硤尾邨,石硖尾邨,https://resource.data.one.gov.hk/td/carpark/basic_info_tdc32p3.json,https://resource.data.one.gov.hk/td/carpark/vacancy_tdc32p3.json
TDC32P4,Pok Hong Estate,博康邨,博康邨,https://resource.data.one.gov.hk/td/carpark/basic_info_tdc32p4.json,https://resource.data.one.gov.hk/td/carpark/vacancy_tdc32p4.json
TDC32P5,Shui Pin Wai Estate,水邊圍邨,水边围邨,https://resource.data.one.gov.hk/td/carpark/basic_info_tdc32p5.json,https://resource.data.one.gov.hk/td/carpark/vacancy_tdc32p5.json
TDC32P6,Mei Tin Estate,美田邨,美田邨,https://resource.data.one.gov.hk/td/carpark/basic_info_tdc32p6.json,https://resource.data.one.gov.hk/td/carpark/vacancy_tdc32p6.json
TDC33P1,Kowloon Bay Park,九龍灣公園停車場,九龙湾公园停车场,https://resource.data.one.gov.hk/td/carpark/basic_info_tdc33p1.json,https://resource.data.one.gov.hk/td/carpark/vacancy_tdc33p1.json
TDC33P2,Jordan Valley Playground,佐敦谷公園遊樂場停車場,佐敦谷公园游乐场停车场,https://resource.data.one.gov.hk/td/carpark/basic_info_tdc33p2.json,https://resource.data.one.gov.hk/td/carpark/vacancy_tdc33p2.json
TDC34P1,On Tat Estate Car park,安達邨停車場,安达邨停车场,https://resource.data.one.gov.hk/td/carpark/basic_info_tdc34p1.json,https://resource.data.one.gov.hk/td/carpark/vacancy_tdc34p1.json
TDC35P1,Hing Wah II Estate Carpark,興華二邨停車場,兴华二邨停车场,https://resource.data.one.gov.hk/td/carpark/basic_info_tdc35p1.json,https://resource.data.one.gov.hk/td/carpark/vacancy_tdc35p1.json
TDC37P1,Tai Po Government Offices,大埔政府合署,大埔政府合署,https://resource.data.one.gov.hk/td/carpark/basic_info_tdc37p1.json,https://resource.data.one.gov.hk/td/carpark/vacancy_tdc37p1.json
TDC38P1,Hong Kong Tennis Centre,香港網球中心,香港网球中心,https://resource.data.one.gov.hk/td/carpark/basic_info_tdc38p1.json,https://resource.data.one.gov.hk/td/carpark/vacancy_tdc38p1.json
TDC38P2,The Jockey Club Tuen Mun Butterfly Beach Sports Centre,賽馬會屯門蝴蝶灣體育館,赛马会屯门蝴蝶湾体育馆,https://resource.data.one.gov.hk/td/carpark/basic_info_tdc38p2.json,https://resource.data.one.gov.hk/td/carpark/vacancy_tdc38p2.json
TDC38P3,Tuen Mun North West Swimming Pool,屯門西北游泳池,屯门西北游泳池,https://resource.data.one.gov.hk/td/carpark/basic_info_tdc38p3.json,https://resource.data.one.gov.hk/td/carpark/vacancy_tdc38p3.json
TDC39P1,Siu Sai Wan Sports Ground,小西灣運動場停車場,小西湾运动场停车场,https://resource.data.one.gov.hk/td/carpark/basic_info_tdc39p1.json,https://resource.data.one.gov.hk/td/carpark/vacancy_tdc39p1.json
TDC41P2,Deep Water Bay Carpark,深水灣泳灘停車場,深水湾泳滩停车场,https://resource.data.one.gov.hk/td/carpark/basic_info_tdc41p2.json,https://resource.data.one.gov.hk/td/carpark/vacancy_tdc41p2.json
TDC42P1,Chai Wan Municipal Services Building,柴灣市政大廈,柴湾市政大厦,https://resource.data.one.gov.hk/td/carpark/basic_info_tdc42p1.json,https://resource.data.one.gov.hk/td/carpark/vacancy_tdc42p1.json
TDC43P1,Shun Lee Tsuen Park,順利邨公園,顺利邨公园,https://resource.data.one.gov.hk/td/carpark/basic_info_tdc43p1.json,https://resource.data.one.gov.hk/td/carpark/vacancy_tdc43p1.json
TDC43P2,Castle Peak Beach,青山灣泳灘,青山湾泳滩,https://resource.data.one.gov.hk/td/carpark/basic_info_tdc43p2.json,https://resource.data.one.gov.hk/td/carpark/vacancy_tdc43p2.json
TDC44P2,Aberdeen Tennis and Squash Centre,香港仔網球及壁球中心,香港仔网球及壁球中心,https://resource.data.one.gov.hk/td/carpark/basic_info_tdc44p2.json,https://resource.data.one.gov.hk/td/carpark/vacancy_tdc44p2.json
TDC44P3,Waterfall Bay Park,瀑布灣公園,瀑布湾公园,https://resource.data.one.gov.hk/td/carpark/basic_info_tdc44p3.json,https://resource.data.one.gov.hk/td/carpark/vacancy_tdc44p3.json
TDC45P1,Tuen Mun Government Offices,屯門政府合署,屯门政府合署,https://resource.data.one.gov.hk/td/carpark/basic_info_tdc45p1.json,https://resource.data.one.gov.hk/td/carpark/vacancy_tdc45p1.json
TDC46P1,Papillons Square Car Park,翩滙坊停車場,翩滙坊停车场,https://resource.data.one.gov.hk/td/carpark/basic_info_tdc46p1.json,https://resource.data.one.gov.hk/td/carpark/vacancy_tdc46p1.json
TDC47P1,Tung Chung Municipal Services Building,東涌市政大樓,东涌市政大楼,https://resource.data.one.gov.hk/td/carpark/basic_info_tdc47p1.json,https://resource.data.one.gov.hk/td/carpark/vacancy_tdc47p1.json
TDC48P1,Lai Chi Kok Park,荔枝角公園,荔枝角公园,https://resource.data.one.gov.hk/td/carpark/basic_info_tdc48p1.json,https://resource.data.one.gov.hk/td/carpark/vacancy_tdc48p1.json
TDC48P2,Lung Cheung Road Lookout,龍翔道觀景台,龙翔道观景台,https://resource.data.one.gov.hk/td/carpark/basic_info_tdc48p2.json,https://resource.data.one.gov.hk/td/carpark/vacancy_tdc48p2.json
TDC48P3,Sham Shui Po Sports Ground,深水埗運動場,深水埗运动场,https://resource.data.one.gov.hk/td/carpark/basic_info_tdc48p3.json,https://resource.data.one.gov.hk/td/carpark/vacancy_tdc48p3.json
TDC49P1,Citygate P3 Carpark,東薈城P3停車場,东荟城P3停车场,https://resource.data.one.gov.hk/td/carpark/basic_info_tdc49p1.json,https://resource.data.one.gov.hk/td/carpark/vacancy_tdc49p1.json
TDC49P2,Citygate P2 Carpark,東薈城P2停車場,东荟城P2停车场,https://resource.data.one.gov.hk/td/carpark/basic_info_tdc49p2.json,https://resource.data.one.gov.hk/td/carpark/vacancy_tdc49p2.json
TDC49P4,Citygate P1 Carpark,東薈城P1停車場,东荟城P1停车场,https://resource.data.one.gov.hk/td/carpark/basic_info_tdc49p4.json,https://resource.data.one.gov.hk/td/carpark/vacancy_tdc49p4.json
TDC50P7,Prosperity Center Car Park,創富中心停車場,创富中心停车场,https://resource.data.one.gov.hk/td/carpark/basic_info_tdc50p7.json,https://resource.data.one.gov.hk/td/carpark/vacancy_tdc50p7.json
TDC50P8,Prosperity Place Car Park,泓富廣場停車場,泓富广场停车场,https://resource.data.one.gov.hk/td/carpark/basic_info_tdc50p8.json,https://resource.data.one.gov.hk/td/carpark/vacancy_tdc50p8.json
TDC51P1,Kowloon Park,九龍公園,九龙公园,https://resource.data.one.gov.hk/td/carpark/basic_info_tdc51p1.json,https://resource.data.one.gov.hk/td/carpark/vacancy_tdc51p1.json
TDC51P2,Island East Sports Center,港島東體育館停車場,港岛东体育馆停车场,https://resource.data.one.gov.hk/td/carpark/basic_info_tdc51p2.json,https://resource.data.one.gov.hk/td/carpark/vacancy_tdc51p2.json
TDC52P1,M+ Car Park,M+ 停車場,M+ 停车场,https://resource.data.one.gov.hk/td/carpark/basic_info_tdc52p1.json,https://resource.data.one.gov.hk/td/carpark/vacancy_tdc52p1.json
TDC53P1,Jordan Valley Park,佐敦谷公園,佐敦谷公园,https://resource.data.one.gov.hk/td/carpark/basic_info_tdc53p1.json,https://resource.data.one.gov.hk/td/carpark/vacancy_tdc53p1.json
TDC53P2,Jordan Valley Swimming Pool,佐敦谷游泳池,佐敦谷游泳池,https://resource.data.one.gov.hk/td/carpark/basic_info_tdc53p2.json,https://resource.data.one.gov.hk/td/carpark/vacancy_tdc53p2.json
TDC53P3,Hong Ning Road Park,康寧道公園,康宁道公园,https://resource.data.one.gov.hk/td/carpark/basic_info_tdc53p3.json,https://resource.data.one.gov.hk/td/carpark/vacancy_tdc53p3.json
TDC55P1,North Point Government Offices,北角政府合署,北角政府合署,https://resource.data.one.gov.hk/td/carpark/basic_info_tdc55p1.json,https://resource.data.one.gov.hk/td/carpark/vacancy_tdc55p1.json
TDC56P1,North District Government Offices,北區政府合署,北区政府合署,https://resource.data.one.gov.hk/td/carpark/basic_info_tdc56p1.json,https://resource.data.one.gov.hk/td/carpark/vacancy_tdc56p1.json
TDC57P1,West Kowloon Government Offices,西九龍政府合署,西九龙政府合署,https://resource.data.one.gov.hk/td/carpark/basic_info_tdc57p1.json,https://resource.data.one.gov.hk/td/carpark/vacancy_tdc57p1.json
TDC58P1,Wong Nai Chung Gap Children Playground,黃泥涌峽兒童遊樂場,黄泥涌峡儿童游乐场,https://resource.data.one.gov.hk/td/carpark/basic_info_tdc58p1.json,https://resource.data.one.gov.hk/td/carpark/vacancy_tdc58p1.json
TDC58P2,Lei Yue Mun Municipal Services Building,鯉魚門市政大廈,鲤鱼门市政大厦,https://resource.data.one.gov.hk/td/carpark/basic_info_tdc58p2.json,https://resource.data.one.gov.hk/td/carpark/vacancy_tdc58p2.json
TDC58P3,Shek Kip Mei Park,石硤尾公園,石硖尾公园,https://resource.data.one.gov.hk/td/carpark/basic_info_tdc58p3.json,https://resource.data.one.gov.hk/td/carpark/vacancy_tdc58p3.json
TDC58P4,Cornwall Street Park,歌和老街公園,歌和老街公园,https://resource.data.one.gov.hk/td/carpark/basic_info_tdc58p4.json,https://resource.data.one.gov.hk/td/carpark/vacancy_tdc58p4.json
TDC58P5,Ap Lei Chau Waterfront Promenade,鴨脷洲海濱長廊,鸭脷洲海滨长廊,https://resource.data.one.gov.hk/td/carpark/basic_info_tdc58p5.json,https://resource.data.one.gov.hk/td/carpark/vacancy_tdc58p5.json
TDC59P1,Yuen Long District Office Building,元朗民政事務處大廈,元朗民政事务处大厦,https://resource.data.one.gov.hk/td/carpark/basic_info_tdc59p1.json,https://resource.data.one.gov.hk/td/carpark/vacancy_tdc59p1.json
TDC5P1,Hopewell Centre,合和中心,合和中心,https://resource.data.one.gov.hk/td/carpark/basic_info_tdc5p1.json,https://resource.data.one.gov.hk/td/carpark/vacancy_tdc5p1.json
TDC5P3,Wu Chung House,胡忠大廈,胡忠大厦,https://resource.data.one.gov.hk/td/carpark/basic_info_tdc5p3.json,https://resource.data.one.gov.hk/td/carpark/vacancy_tdc5p3.json
TDC5P4,Panda Place,悅來坊商場,悅来坊商场,https://resource.data.one.gov.hk/td/carpark/basic_info_tdc5p4.json,https://resource.data.one.gov.hk/td/carpark/vacancy_tdc5p4.json
TDC60P1,Che Kung Temple Sports Centre,車公廟體育館,车公庙体育馆,https://resource.data.one.gov.hk/td/carpark/basic_info_tdc60p1.json,https://resource.data.one.gov.hk/td/carpark/vacancy_tdc60p1.json
TDC61P1,Tai Po Lung Mei Beach,大埔龍尾泳灘,大埔龙尾泳滩,https://resource.data.one.gov.hk/td/carpark/basic_info_tdc61p1.json,https://resource.data.one.gov.hk/td/carpark/vacancy_tdc61p1.json
TDC62P1,Yuen Chau Kok Complex,圓州角綜合大樓,圆州角综合大楼,https://resource.data.one.gov.hk/td/carpark/basic_info_tdc62p1.json,https://resource.data.one.gov.hk/td/carpark/vacancy_tdc62p1.json
TDC63P1,Ma On Shan Sports Ground,馬鞍山運動場,马鞍山运动场,https://resource.data.one.gov.hk/td/carpark/basic_info_tdc63p1.json,https://resource.data.one.gov.hk/td/carpark/vacancy_tdc63p1.json
TDC63P2,Ma On Shan Swimming Pool,馬鞍山游泳池,马鞍山游泳池,https://resource.data.one.gov.hk/td/carpark/basic_info_tdc63p2.json,https://resource.data.one.gov.hk/td/carpark/vacancy_tdc63p2.json
TDC63P3,Siu Lek Yuen Road Playground,小瀝源路遊樂場,小沥源路游乐场,https://resource.data.one.gov.hk/td/carpark/basic_info_tdc63p3.json,https://resource.data.one.gov.hk/td/carpark/vacancy_tdc63p3.json
TDC64P1,Ho Man Tin Park,何文田公園,何文田公园,https://resource.data.one.gov.hk/td/carpark/basic_info_tdc64p1.json,https://resource.data.one.gov.hk/td/carpark/vacancy_tdc64p1.json
TDC65P1,Fung Kam Street Sports Centre,鳳琴街體育館,凤琴街体育馆,https://resource.data.one.gov.hk/td/carpark/basic_info_tdc65p1.json,https://resource.data.one.gov.hk/td/carpark/vacancy_tdc65p1.json
TDC65P2,Yuen Long Swimming Pool,元朗游泳池,元朗游泳池,https://resource.data.one.gov.hk/td/carpark/basic_info_tdc65p2.json,https://resource.data.one.gov.hk/td/carpark/vacancy_tdc65p2.json
TDC65P3,Tin Shui Wai Sports Ground,天水圍運動場,天水围运动场,https://resource.data.one.gov.hk/td/carpark/basic_info_tdc65p3.json,https://resource.data.one.gov.hk/td/carpark/vacancy_tdc65p3.json
TDC65P4,Tin Shui Wai Swimming Pool,天水圍泳池,天水围泳池,https://resource.data.one.gov.hk/td/carpark/basic_info_tdc65p4.json,https://resource.data.one.gov.hk/td/carpark/vacancy_tdc65p4.json
TDC65P5,Tin Yip Road Park,天業路公園,天业路公园,https://resource.data.one.gov.hk/td/carpark/basic_info_tdc65p5.json,https://resource.data.one.gov.hk/td/carpark/vacancy_tdc65p5.json
TDC66P1,Sha Tin Jockey Club Swimming Pool and Yuen Wo Road Sports Centre,沙田賽馬會游泳池及源禾路體育館,沙田赛马会游泳池及源禾路体育馆,https://resource.data.one.gov.hk/td/carpark/basic_info_tdc66p1.json,https://resource.data.one.gov.hk/td/carpark/vacancy_tdc66p1.json
TDC67P1,North District Sports Ground,北區運動場,北区运动场,https://resource.data.one.gov.hk/td/carpark/basic_info_tdc67p1.json,https://resource.data.one.gov.hk/td/carpark/vacancy_tdc67p1.json
TDC67P2,Wo Hing Sports Centre,和興體育館,和兴体育馆,https://resource.data.one.gov.hk/td/carpark/basic_info_tdc67p2.json,https://resource.data.one.gov.hk/td/carpark/vacancy_tdc67p2.json
TDC69P1,Fanling Swimming Pool,粉嶺游泳池,粉岭游泳池,https://resource.data.one.gov.hk/td/carpark/basic_info_tdc69p1.json,https://resource.data.one.gov.hk/td/carpark/vacancy_tdc69p1.json
TDC69P2,Po Wing Road Sports Centre,保榮路體育館,保荣路体育馆,https://resource.data.one.gov.hk/td/carpark/basic_info_tdc69p2.json,https://resource.data.one.gov.hk/td/carpark/vacancy_tdc69p2.json
TDC69P3,Sheung Shui Swimming Pool,上水游泳池,上水游泳池,https://resource.data.one.gov.hk/td/carpark/basic_info_tdc69p3.json,https://resource.data.one.gov.hk/td/carpark/vacancy_tdc69p3.json
TDC6P11,Cheung Shan Estate Carpark,象山邨停車場,象山邨停车场,https://resource.data.one.gov.hk/td/carpark/basic_info_tdc6p11.json,https://resource.data.one.gov.hk/td/carpark/vacancy_tdc6p11.json
TDC6P12,Lung Poon Court Carpark ,龍蟠苑停車場,龙蟠苑停车场,https://resource.data.one.gov.hk/td/carpark/basic_info_tdc6p12.json,https://resource.data.one.gov.hk/td/carpark/vacancy_tdc6p12.json
TDC6P13,Kwai Chung Estate Car Park,葵涌邨商場停車場,葵涌邨商场停车场,https://resource.data.one.gov.hk/td/carpark/basic_info_tdc6p13.json,https://resource.data.one.gov.hk/td/carpark/vacancy_tdc6p13.json
TDC6P14,Choi Hung Estate Car Park,彩虹邨停車場,彩虹邨停车场,https://resource.data.one.gov.hk/td/carpark/basic_info_tdc6p14.json,https://resource.data.one.gov.hk/td/carpark/vacancy_tdc6p14.json
TDC6P15,Lei Yue Mun Estate,鯉魚門邨,鲤鱼门邨,https://resource.data.one.gov.hk/td/carpark/basic_info_tdc6p15.json,https://resource.data.one.gov.hk/td/carpark/vacancy_tdc6p15.json
TDC6P16,Lei Muk Shue Shopping Centre,梨木樹商場,梨木树商场,https://resource.data.one.gov.hk/td/carpark/basic_info_tdc6p16.json,https://resource.data.one.gov.hk/td/carpark/vacancy_tdc6p16.json
TDC6P17,Hung Fuk Estate Carpark ,洪福邨停車場,洪福邨停车场,https://resource.data.one.gov.hk/td/carpark/basic_info_tdc6p17.json,https://resource.data.one.gov.hk/td/carpark/vacancy_tdc6p17.json
TDC6P18,Shui Chuen O Capark,水泉澳停車場,水泉澳停车场,https://resource.data.one.gov.hk/td/carpark/basic_info_tdc6p18.json,https://resource.data.one.gov.hk/td/carpark/vacancy_tdc6p18.json
TDC6P19,Hoi Lai Estate Car Park,海麗邨停車場,海丽邨停车场,https://resource.data.one.gov.hk/td/carpark/basic_info_tdc6p19.json,https://resource.data.one.gov.hk/td/carpark/vacancy_tdc6p19.json
TDC6P2,Tin Yan Estate Car Park,天恩邨停車場,天恩邨停车场,https://resource.data.one.gov.hk/td/carpark/basic_info_tdc6p2.json,https://resource.data.one.gov.hk/td/carpark/vacancy_tdc6p2.json
TDC6P20,Shek Pai Wan Estate Car Park,石排灣邨停車場,石排湾邨停车场,https://resource.data.one.gov.hk/td/carpark/basic_info_tdc6p20.json,https://resource.data.one.gov.hk/td/carpark/vacancy_tdc6p20.json
TDC6P21,Yue Wan Estate Car Park,漁灣邨停車場,渔湾邨停车场,https://resource.data.one.gov.hk/td/carpark/basic_info_tdc6p21.json,https://resource.data.one.gov.hk/td/carpark/vacancy_tdc6p21.json
TDC6P22,So Uk Estate Car Park (Phase 2),蘇屋邨停車場 (第二期),苏屋邨停车场 (第二期),https://resource.data.one.gov.hk/td/carpark/basic_info_tdc6p22.json,https://resource.data.one.gov.hk/td/carpark/vacancy_tdc6p22.json
TDC6P23,Kwai Shing West Estate Car Park,葵盛西邨停車場,葵盛西邨停车场,https://resource.data.one.gov.hk/td/carpark/basic_info_tdc6p23.json,https://resource.data.one.gov.hk/td/carpark/vacancy_tdc6p23.json
TDC6P24,Lai King Estate Car Park A,荔景邨停車場A,荔景邨停车场A,https://resource.data.one.gov.hk/td/carpark/basic_info_tdc6p24.json,https://resource.data.one.gov.hk/td/carpark/vacancy_tdc6p24.json
TDC6P25,Lai King Estate Car Park D,荔景邨停車場D,荔景邨停车场D,https://resource.data.one.gov.hk/td/carpark/basic_info_tdc6p25.json,https://resource.data.one.gov.hk/td/carpark/vacancy_tdc6p25.json
TDC6P6,Po Heung Estate Car Park,寶鄉邨停車場,宝乡邨停车场,https://resource.data.one.gov.hk/td/carpark/basic_info_tdc6p6.json,https://resource.data.one.gov.hk/td/carpark/vacancy_tdc6p6.json
TDC6P7,Po Shek Wu Estate,寶石湖邨,宝石湖邨,https://resource.data.one.gov.hk/td/carpark/basic_info_tdc6p7.json,https://resource.data.one.gov.hk/td/carpark/vacancy_tdc6p7.json
TDC6P8,Kwai Shing West Shopping Centre Car Park,葵盛西商場停車場,葵盛西商场停车场,https://resource.data.one.gov.hk/td/carpark/basic_info_tdc6p8.json,https://resource.data.one.gov.hk/td/carpark/vacancy_tdc6p8.json
TDC6P9,Lai King Estate Car Park C,荔景邨停車場C,荔景邨停车场C,https://resource.data.one.gov.hk/td/carpark/basic_info_tdc6p9.json,https://resource.data.one.gov.hk/td/carpark/vacancy_tdc6p9.json
TDC70P1,Sha Tin Sports Ground & Yuen Wo Playground  Car Park,沙田運動場 & 源禾遊樂場停車場,沙田运动场 & 源禾游乐场停车场,https://resource.data.one.gov.hk/td/carpark/basic_info_tdc70p1.json,https://resource.data.one.gov.hk/td/carpark/vacancy_tdc70p1.json
TDC71P1,To Kwa Wan Market and Government Offices,土瓜灣街市暨政府合署,土瓜湾街市暨政府合署,https://resource.data.one.gov.hk/td/carpark/basic_info_tdc71p1.json,https://resource.data.one.gov.hk/td/carpark/vacancy_tdc71p1.json
TDC72P1,Lai Yiu Estate Car Park,麗瑤邨停車場,丽瑶邨停车场,https://resource.data.one.gov.hk/td/carpark/basic_info_tdc72p1.json,https://resource.data.one.gov.hk/td/carpark/vacancy_tdc72p1.json
TDC73P1,Crocodile Centre,鱷魚恤中心,鳄鱼恤中心,https://resource.data.one.gov.hk/td/carpark/basic_info_tdc73p1.json,https://resource.data.one.gov.hk/td/carpark/vacancy_tdc73p1.json
TDC74P1,Tseung Kwan O Swimming Pool,將軍澳游泳池,将军澳游泳池,https://resource.data.one.gov.hk/td/carpark/basic_info_tdc74p1.json,https://resource.data.one.gov.hk/td/carpark/vacancy_tdc74p1.json
TDC74P10,Kowloon Bay Sports Ground A,九龍灣運動場 A,九龙湾运动场 A,https://resource.data.one.gov.hk/td/carpark/basic_info_tdc74p10.json,https://resource.data.one.gov.hk/td/carpark/vacancy_tdc74p10.json
TDC74P11,Kowloon Bay Sports Ground B,九龍灣運動場 B,九龙湾运动场 B,https://resource.data.one.gov.hk/td/carpark/basic_info_tdc74p11.json,https://resource.data.one.gov.hk/td/carpark/vacancy_tdc74p11.json
TDC74P12,Tai Po Sports Ground,大埔運動場停車場,大埔运动场停车场,https://resource.data.one.gov.hk/td/carpark/basic_info_tdc74p12.json,https://resource.data.one.gov.hk/td/carpark/vacancy_tdc74p12.json
TDC74P13,Kwong Fuk Park,廣福公園停車場,广福公园停车场,https://resource.data.one.gov.hk/td/carpark/basic_info_tdc74p13.json,https://resource.data.one.gov.hk/td/carpark/vacancy_tdc74p13.json
TDC74P14,Tai Po Tung Cheong Street Leisure Building,大埔東昌街康體大樓,大埔东昌街康体大楼,https://resource.data.one.gov.hk/td/carpark/basic_info_tdc74p14.json,https://resource.data.one.gov.hk/td/carpark/vacancy_tdc74p14.json
TDC74P2,Tseung Kwan O Sports Ground,將軍澳運動場,将军澳运动场,https://resource.data.one.gov.hk/td/carpark/basic_info_tdc74p2.json,https://resource.data.one.gov.hk/td/carpark/vacancy_tdc74p2.json
TDC74P3,Hong Kong Velodrome,香港單車館,香港单车馆,https://resource.data.one.gov.hk/td/carpark/basic_info_tdc74p3.json,https://resource.data.one.gov.hk/td/carpark/vacancy_tdc74p3.json
TDC74P4,Tiu Keng Leng Sports Centre,調景嶺體育館,调景岭体育馆,https://resource.data.one.gov.hk/td/carpark/basic_info_tdc74p4.json,https://resource.data.one.gov.hk/td/carpark/vacancy_tdc74p4.json
TDC74P5,Wan Po Road Pet Garden,環保大道寵物公園,环保大道宠物公园,https://resource.data.one.gov.hk/td/carpark/basic_info_tdc74p5.json,https://resource.data.one.gov.hk/td/carpark/vacancy_tdc74p5.json
TDC74P6,Tuen Mun Swimming Pool,屯門游泳池,屯门游泳池,https://resource.data.one.gov.hk/td/carpark/basic_info_tdc74p6.json,https://resource.data.one.gov.hk/td/carpark/vacancy_tdc74p6.json
TDC74P7,Yau Oi Sports Centre,友愛體育館,友爱体育馆,https://resource.data.one.gov.hk/td/carpark/basic_info_tdc74p7.json,https://resource.data.one.gov.hk/td/carpark/vacancy_tdc74p7.json
TDC74P8,Sai Tso Wan Recreation Ground,晒草灣遊樂場,晒草湾游乐场,https://resource.data.one.gov.hk/td/carpark/basic_info_tdc74p8.json,https://resource.data.one.gov.hk/td/carpark/vacancy_tdc74p8.json
TDC74P9,Ping Shek Playground,坪石遊樂場,坪石游乐场,https://resource.data.one.gov.hk/td/carpark/basic_info_tdc74p9.json,https://resource.data.one.gov.hk/td/carpark/vacancy_tdc74p9.json
TDC76P1,Hammer Hill Road Swimming Pool and Sports Ground,斧山道游泳池及運動場,斧山道游泳池及运动场,https://resource.data.one.gov.hk/td/carpark/basic_info_tdc76p1.json,https://resource.data.one.gov.hk/td/carpark/vacancy_tdc76p1.json
TDC76P2,Ngau Chi Wan Park,牛池灣公園,牛池湾公园,https://resource.data.one.gov.hk/td/carpark/basic_info_tdc76p2.json,https://resource.data.one.gov.hk/td/carpark/vacancy_tdc76p2.json
TDC76P3,Po Kong Village Road Park,蒲崗村道公園,蒲岗村道公园,https://resource.data.one.gov.hk/td/carpark/basic_info_tdc76p3.json,https://resource.data.one.gov.hk/td/carpark/vacancy_tdc76p3.json
TDC81P1,Hing Fong Road Playground,興芳路遊樂場,兴芳路游乐场,https://resource.data.one.gov.hk/td/carpark/basic_info_tdc81p1.json,https://resource.data.one.gov.hk/td/carpark/vacancy_tdc81p1.json
TDC81P2,Kwai Chung Sports Ground,葵涌運動場,葵涌运动场,https://resource.data.one.gov.hk/td/carpark/basic_info_tdc81p2.json,https://resource.data.one.gov.hk/td/carpark/vacancy_tdc81p2.json
TDC81P3,Kwai Shing Swimming Pool,葵盛游泳池,葵盛游泳池,https://resource.data.one.gov.hk/td/carpark/basic_info_tdc81p3.json,https://resource.data.one.gov.hk/td/carpark/vacancy_tdc81p3.json
TDC81P4 ,Tsing Yi Northeast Park,青衣東北公園,青衣东北公园,https://resource.data.one.gov.hk/td/carpark/basic_info_tdc81p4.json,https://resource.data.one.gov.hk/td/carpark/vacancy_tdc81p4 .json
TDC81P5 ,Tsing Yi Sports Ground and Swimming Pool Car Park,青衣運動場及游泳池停車場,青衣运动场及游泳池停车场,https://resource.data.one.gov.hk/td/carpark/basic_info_tdc81p5.json,https://resource.data.one.gov.hk/td/carpark/vacancy_tdc81p5 .json
TDC81P6,Tsing Yi Southwest Leisure Building,青衣西南康體大樓,青衣西南康体大楼,https://resource.data.one.gov.hk/td/carpark/basic_info_tdc81p6.json,https://resource.data.one.gov.hk/td/carpark/vacancy_tdc81p6.json
TDC81P7,Wo Yi Hop Road Sports Ground,和宜合道運動場,和宜合道运动场,https://resource.data.one.gov.hk/td/carpark/basic_info_tdc81p7.json,https://resource.data.one.gov.hk/td/carpark/vacancy_tdc81p7.json
TDC82P1,Shing Mun Valley Sports Ground,城門谷運動場,城门谷运动场,https://resource.data.one.gov.hk/td/carpark/basic_info_tdc82p1.json,https://resource.data.one.gov.hk/td/carpark/vacancy_tdc82p1.json
TDC82P2,Shing Mun Valley Swimming Pool,城門谷游泳池,城门谷游泳池,https://resource.data.one.gov.hk/td/carpark/basic_info_tdc82p2.json,https://resource.data.one.gov.hk/td/carpark/vacancy_tdc82p2.json
TDC82P3,Wai Tsuen Sports Centre,蕙荃體育館,蕙荃体育馆,https://resource.data.one.gov.hk/td/carpark/basic_info_tdc82p3.json,https://resource.data.one.gov.hk/td/carpark/vacancy_tdc82p3.json
TDC82P4,Tsuen Wan Sports Centre,荃灣體育館,荃湾体育馆,https://resource.data.one.gov.hk/td/carpark/basic_info_tdc82p4.json,https://resource.data.one.gov.hk/td/carpark/vacancy_tdc82p4.json
TDC8P1,MTR Tsing Yi Station Car Park,港鐵青衣站停車場,港铁青衣站停车场,https://resource.data.one.gov.hk/td/carpark/basic_info_tdc8p1.json,https://resource.data.one.gov.hk/td/carpark/vacancy_tdc8p1.json
TDC8P10,ELEMENTS Carpark,圓方停車場,圆方停车场,https://resource.data.one.gov.hk/td/carpark/basic_info_tdc8p10.json,https://resource.data.one.gov.hk/td/carpark/vacancy_tdc8p10.json
TDC8P11,MTR Ocean Park Station Car Park,港鐵海洋公園站停車場,港铁海洋公园站停车场,https://resource.data.one.gov.hk/td/carpark/basic_info_tdc8p11.json,https://resource.data.one.gov.hk/td/carpark/vacancy_tdc8p11.json
TDC8P12,MTR Maritime Square 2 Car Park,港鐵青衣城二期停車場,港铁青衣城二期停车场,https://resource.data.one.gov.hk/td/carpark/basic_info_tdc8p12.json,https://resource.data.one.gov.hk/td/carpark/vacancy_tdc8p12.json
TDC8P14,MTR Tsuen Wan West Station Car Park,港鐵荃灣西站停車場,港铁荃湾西站停车场,https://resource.data.one.gov.hk/td/carpark/basic_info_tdc8p14.json,https://resource.data.one.gov.hk/td/carpark/vacancy_tdc8p14.json
TDC8P15,MTR Kam Sheung Road Station Car Park,港鐵錦上路站停車場,港铁锦上路站停车场,https://resource.data.one.gov.hk/td/carpark/basic_info_tdc8p15.json,https://resource.data.one.gov.hk/td/carpark/vacancy_tdc8p15.json
TDC8P16,The LOHAS,The LOHAS康城,The LOHAS康城,https://resource.data.one.gov.hk/td/carpark/basic_info_tdc8p16.json,https://resource.data.one.gov.hk/td/carpark/vacancy_tdc8p16.json
TDC8P2,MTR Kowloon Station Car Park,港鐵九龍站停車場,港铁九龙站停车场,https://resource.data.one.gov.hk/td/carpark/basic_info_tdc8p2.json,https://resource.data.one.gov.hk/td/carpark/vacancy_tdc8p2.json
TDC8P3,MTR Hong Kong Station Car Park,港鐵香港站停車場,港铁香港站停车场,https://resource.data.one.gov.hk/td/carpark/basic_info_tdc8p3.json,https://resource.data.one.gov.hk/td/carpark/vacancy_tdc8p3.json
TDC8P7,MTR Maritime Square Car Park,港鐵青衣城停車場,港铁青衣城停车场,https://resource.data.one.gov.hk/td/carpark/basic_info_tdc8p7.json,https://resource.data.one.gov.hk/td/carpark/vacancy_tdc8p7.json
TDC8P8,Popcorn I Carpark,Popcorn 一期停車場,Popcorn 一期停车场,https://resource.data.one.gov.hk/td/carpark/basic_info_tdc8p8.json,https://resource.data.one.gov.hk/td/carpark/vacancy_tdc8p8.json
TDC8P9,Paradise Mall Carpark,杏花新城停車場,杏花新城停车场,https://resource.data.one.gov.hk/td/carpark/basic_info_tdc8p9.json,https://resource.data.one.gov.hk/td/carpark/vacancy_tdc8p9.json
TDC92P1,On Tai Estate Carpark,安泰邨停車場,安泰邨停车场,https://resource.data.one.gov.hk/td/carpark/basic_info_tdc92p1.json,https://resource.data.one.gov.hk/td/carpark/vacancy_tdc92p1.json
TDC92P4,Model Housing Estate Carpark,模範邨停車場,模范邨停车场,https://resource.data.one.gov.hk/td/carpark/basic_info_tdc92p4.json,https://resource.data.one.gov.hk/td/carpark/vacancy_tdc92p4.json
TDC92P5,Yue Fai Court Carpark,漁暉苑停車場,渔晖苑停车场,https://resource.data.one.gov.hk/td/carpark/basic_info_tdc92p5.json,https://resource.data.one.gov.hk/td/carpark/vacancy_tdc92p5.json
TDC92P6,Ching Ho Estate Car Park A,清河邨停車場 A,清河邨停车场 A,https://resource.data.one.gov.hk/td/carpark/basic_info_tdc92p6.json,https://resource.data.one.gov.hk/td/carpark/vacancy_tdc92p6.json
TDC92P7,Ching Ho Estate Car Park B,清河邨停車場 B,清河邨停车场 B,https://resource.data.one.gov.hk/td/carpark/basic_info_tdc92p7.json,https://resource.data.one.gov.hk/td/carpark/vacancy_tdc92p7.json
TDC93P1,Kai Ching Estate Car Park,啟晴邨停車場,启晴邨停车场,https://resource.data.one.gov.hk/td/carpark/basic_info_tdc93p1.json,https://resource.data.one.gov.hk/td/carpark/vacancy_tdc93p1.json
TDC94P1,Sha Tin Town Hall Carpark,沙田大會堂停車場,沙田大会堂停车场,https://resource.data.one.gov.hk/td/carpark/basic_info_tdc94p1.json,https://resource.data.one.gov.hk/td/carpark/vacancy_tdc94p1.json
TDC95P1,Queensway Government Offices,金鐘道政府合署,金钟道政府合署,https://resource.data.one.gov.hk/td/carpark/basic_info_tdc95p1.json,https://resource.data.one.gov.hk/td/carpark/vacancy_tdc95p1.json
TDC96P1,Nam Shan Estate Multi-storey Carpark,南山邨多層停車場,南山邨多层停车场,https://resource.data.one.gov.hk/td/carpark/basic_info_tdc96p1.json,https://resource.data.one.gov.hk/td/carpark/vacancy_tdc96p1.json
TDC98P1,Yau Mei Court Carpark,油美苑停車場,油美苑停车场,https://resource.data.one.gov.hk/td/carpark/basic_info_tdc98p1.json,https://resource.data.one.gov.hk/td/carpark/vacancy_tdc98p1.json
TDC99P1,Ping Shek Estate Carpark,坪石邨停車場,坪石邨停车场,https://resource.data.one.gov.hk/td/carpark/basic_info_tdc99p1.json,https://resource.data.one.gov.hk/td/carpark/vacancy_tdc99p1.json
TDC9P3,Tai Po Complex Car Park,大埔綜合大樓停車場,大埔综合大楼停车场,https://resource.data.one.gov.hk/td/carpark/basic_info_tdc9p3.json,https://resource.data.one.gov.hk/td/carpark/vacancy_tdc9p3.json
TDCP10,Aberdeen Car Park,香港仔停車場,香港仔停车场,https://resource.data.one.gov.hk/td/carpark/basic_info_tdcp10.json,https://resource.data.one.gov.hk/td/carpark/vacancy_tdcp10.json
TDCP11,Tin Hau Car Park,天后停車場,天后停车场,https://resource.data.one.gov.hk/td/carpark/basic_info_tdcp11.json,https://resource.data.one.gov.hk/td/carpark/vacancy_tdcp11.json
TDCP12,Sheung Fung Street Car Park,雙鳳街停車場,双凤街停车场,https://resource.data.one.gov.hk/td/carpark/basic_info_tdcp12.json,https://resource.data.one.gov.hk/td/carpark/vacancy_tdcp12.json
TDCP2,Rumsey Street Car Park,林士街停車場,林士街停车场,https://resource.data.one.gov.hk/td/carpark/basic_info_tdcp2.json,https://resource.data.one.gov.hk/td/carpark/vacancy_tdcp2.json
TDCP3,Tsuen Wan Car Park,荃灣停車場,荃湾停车场,https://resource.data.one.gov.hk/td/carpark/basic_info_tdcp3.json,https://resource.data.one.gov.hk/td/carpark/vacancy_tdcp3.json
TDCP5,City Hall Car Park,大會堂停車場,大会堂停车场,https://resource.data.one.gov.hk/td/carpark/basic_info_tdcp5.json,https://resource.data.one.gov.hk/td/carpark/vacancy_tdcp5.json
TDCP6,Kwai Fong Car Park,葵芳停車場,葵芳停车场,https://resource.data.one.gov.hk/td/carpark/basic_info_tdcp6.json,https://resource.data.one.gov.hk/td/carpark/vacancy_tdcp6.json
TDCP7,Kennedy Town Car Park,堅尼地城停車場,坚尼地城停车场,https://resource.data.one.gov.hk/td/carpark/basic_info_tdcp7.json,https://resource.data.one.gov.hk/td/carpark/vacancy_tdcp7.json
TDCP8,Star Ferry Car Park,天星停車場,天星停车场,https://resource.data.one.gov.hk/td/carpark/basic_info_tdcp8.json,https://resource.data.one.gov.hk/td/carpark/vacancy_tdcp8.json
TDCP9,Shau Kei Wan Car Park,筲箕灣停車場,筲箕湾停车场,https://resource.data.one.gov.hk/td/carpark/basic_info_tdcp9.json,https://resource.data.one.gov.hk/td/carpark/vacancy_tdcp9.json
TDSTT100,Hoi Wah Road (II) Car Park,海華路 (II) 停車場,海华路 (II) 停车场,https://resource.data.one.gov.hk/td/carpark/basic_info_tdstt100.json,https://resource.data.one.gov.hk/td/carpark/vacancy_tdstt100.json
TDSTT11,On Chun Street,鞍駿街,鞍骏街,https://resource.data.one.gov.hk/td/carpark/basic_info_tdstt11.json,https://resource.data.one.gov.hk/td/carpark/vacancy_tdstt11.json
TDSTT12,Ping Ha Road,屏廈路,屏厦路,https://resource.data.one.gov.hk/td/carpark/basic_info_tdstt12.json,https://resource.data.one.gov.hk/td/carpark/vacancy_tdstt12.json
TDSTT15,San On Street,新安街,新安街,https://resource.data.one.gov.hk/td/carpark/basic_info_tdstt15.json,https://resource.data.one.gov.hk/td/carpark/vacancy_tdstt15.json
TDSTT16,Tsing Yin Street,青賢街,青贤街,https://resource.data.one.gov.hk/td/carpark/basic_info_tdstt16.json,https://resource.data.one.gov.hk/td/carpark/vacancy_tdstt16.json
TDSTT17,Hoi Wah Road,海華路,海华路,https://resource.data.one.gov.hk/td/carpark/basic_info_tdstt17.json,https://resource.data.one.gov.hk/td/carpark/vacancy_tdstt17.json
TDSTT21,Tuen Yee Street,屯義街,屯义街,https://resource.data.one.gov.hk/td/carpark/basic_info_tdstt21.json,https://resource.data.one.gov.hk/td/carpark/vacancy_tdstt21.json
TDSTT22,SHEUNG FUNG STREET,雙鳳街,双凤街,https://resource.data.one.gov.hk/td/carpark/basic_info_tdstt22.json,https://resource.data.one.gov.hk/td/carpark/vacancy_tdstt22.json
TDSTT24,Wo Hing Road,和興路,和兴路,https://resource.data.one.gov.hk/td/carpark/basic_info_tdstt24.json,https://resource.data.one.gov.hk/td/carpark/vacancy_tdstt24.json
TDSTT25,Wing Lai Road,穎禮路,颖礼路,https://resource.data.one.gov.hk/td/carpark/basic_info_tdstt25.json,https://resource.data.one.gov.hk/td/carpark/vacancy_tdstt25.json
TDSTT26,Castle Peak Road - Castle Peak Bay,青山公路 – 青山灣段,青山公路 – 青山湾段,https://resource.data.one.gov.hk/td/carpark/basic_info_tdstt26.json,https://resource.data.one.gov.hk/td/carpark/vacancy_tdstt26.json
TDSTT28,Sam Shing Street 4,三聖街 4,三圣街 4,https://resource.data.one.gov.hk/td/carpark/basic_info_tdstt28.json,https://resource.data.one.gov.hk/td/carpark/vacancy_tdstt28.json
TDSTT29,Wan Po Road,環保大道,环保大道,https://resource.data.one.gov.hk/td/carpark/basic_info_tdstt29.json,https://resource.data.one.gov.hk/td/carpark/vacancy_tdstt29.json
TDSTT2P2,Value Parking Shan Mei Street,威利停車場山尾街,威利停车场山尾街,https://resource.data.one.gov.hk/td/carpark/basic_info_tdstt2p2.json,https://resource.data.one.gov.hk/td/carpark/vacancy_tdstt2p2.json
TDSTT30,Hoi Ting Road,海庭道,海庭道,https://resource.data.one.gov.hk/td/carpark/basic_info_tdstt30.json,https://resource.data.one.gov.hk/td/carpark/vacancy_tdstt30.json
TDSTT32,Junction of Tai Chung Kiu Road and On Sum Street,大涌橋路與安心街交界處,大涌桥路与安心街交界处,https://resource.data.one.gov.hk/td/carpark/basic_info_tdstt32.json,https://resource.data.one.gov.hk/td/carpark/vacancy_tdstt32.json
TDSTT33,Junction of Oi Yee Street and Hing Man Street,愛義街與興民街交界處,爱义街与兴民街交界处,https://resource.data.one.gov.hk/td/carpark/basic_info_tdstt33.json,https://resource.data.one.gov.hk/td/carpark/vacancy_tdstt33.json
TDSTT37,Mei Fuk Street,美福街,美福街,https://resource.data.one.gov.hk/td/carpark/basic_info_tdstt37.json,https://resource.data.one.gov.hk/td/carpark/vacancy_tdstt37.json
TDSTT38,Man Lai Road,文禮路,文礼路,https://resource.data.one.gov.hk/td/carpark/basic_info_tdstt38.json,https://resource.data.one.gov.hk/td/carpark/vacancy_tdstt38.json
TDSTT39,"Junction of Luen Fat Street, Luen Fu Street and Luen Yick Street",聯發街、聯富街與聯益街交界處,联发街、联富街与联益街交界处,https://resource.data.one.gov.hk/td/carpark/basic_info_tdstt39.json,https://resource.data.one.gov.hk/td/carpark/vacancy_tdstt39.json
TDSTT3P1,Skye Parking Ho Tin Street,綽德停車場河田街,绰德停车场河田街,https://resource.data.one.gov.hk/td/carpark/basic_info_tdstt3p1.json,https://resource.data.one.gov.hk/td/carpark/vacancy_tdstt3p1.json
TDSTT41,Mei Yu Street,美裕街,美裕街,https://resource.data.one.gov.hk/td/carpark/basic_info_tdstt41.json,https://resource.data.one.gov.hk/td/carpark/vacancy_tdstt41.json
TDSTT42,"Po Lam Road North, Area 10",第 10 區寶琳北路,第 10 区宝琳北路,https://resource.data.one.gov.hk/td/carpark/basic_info_tdstt42.json,https://resource.data.one.gov.hk/td/carpark/vacancy_tdstt42.json
TDSTT43,Yuen Ching Road,元政路,元政路,https://resource.data.one.gov.hk/td/carpark/basic_info_tdstt43.json,https://resource.data.one.gov.hk/td/carpark/vacancy_tdstt43.json
TDSTT44,Hong Kin Road,康健路,康健路,https://resource.data.one.gov.hk/td/carpark/basic_info_tdstt44.json,https://resource.data.one.gov.hk/td/carpark/vacancy_tdstt44.json
TDSTT46,Junction of Hoi Shing Road and Hoi Kok Street,海盛路與海角街交界處,海盛路与海角街交界处,https://resource.data.one.gov.hk/td/carpark/basic_info_tdstt46.json,https://resource.data.one.gov.hk/td/carpark/vacancy_tdstt46.json
TDSTT47,Junction of Fat Kwong Street & Sheung Shing Street,佛光街常盛街交界,佛光街常盛街交界,https://resource.data.one.gov.hk/td/carpark/basic_info_tdstt47.json,https://resource.data.one.gov.hk/td/carpark/vacancy_tdstt47.json
TDSTT48,Opposite to Ma Hang Estate at Carmel Road,香港赤柱佳美道馬坑邨對面,香港赤柱佳美道马坑邨对面,https://resource.data.one.gov.hk/td/carpark/basic_info_tdstt48.json,https://resource.data.one.gov.hk/td/carpark/vacancy_tdstt48.json
TDSTT4P1,Ngau Pei Sha Street,牛皮沙街,牛皮沙街,https://resource.data.one.gov.hk/td/carpark/basic_info_tdstt4p1.json,https://resource.data.one.gov.hk/td/carpark/vacancy_tdstt4p1.json
TDSTT50,Sai Kung Chui Tong Road,西貢翠塘路,西贡翠塘路,https://resource.data.one.gov.hk/td/carpark/basic_info_tdstt50.json,https://resource.data.one.gov.hk/td/carpark/vacancy_tdstt50.json
TDSTT56,"Hoi Kwai Road, Tsuen Wan",新界荃灣海貴路,新界荃湾海贵路,https://resource.data.one.gov.hk/td/carpark/basic_info_tdstt56.json,https://resource.data.one.gov.hk/td/carpark/vacancy_tdstt56.json
TDSTT57P1,Tsing Chin Street Car Park,青芊街停車場,青芊街停车场,https://resource.data.one.gov.hk/td/carpark/basic_info_tdstt57p1.json,https://resource.data.one.gov.hk/td/carpark/vacancy_tdstt57p1.json
TDSTT57P2,Chi Wa Lane Car Park,置華里停車場,置华里停车场,https://resource.data.one.gov.hk/td/carpark/basic_info_tdstt57p2.json,https://resource.data.one.gov.hk/td/carpark/vacancy_tdstt57p2.json
TDSTT59,Pui To Road Car Park,杯渡路停車場,杯渡路停车场,https://resource.data.one.gov.hk/td/carpark/basic_info_tdstt59.json,https://resource.data.one.gov.hk/td/carpark/vacancy_tdstt59.json
TDSTT5P1,Skye Parking Ma Wo Road,綽德停車場馬窩路,绰德停车场马窝路,https://resource.data.one.gov.hk/td/carpark/basic_info_tdstt5p1.json,https://resource.data.one.gov.hk/td/carpark/vacancy_tdstt5p1.json
TDSTT62,Shun Hing Street Car Park,沙頭角順興街停車場,沙头角顺兴街停车场,https://resource.data.one.gov.hk/td/carpark/basic_info_tdstt62.json,https://resource.data.one.gov.hk/td/carpark/vacancy_tdstt62.json
TDSTT64,Yick Yuen Road Car Park,屯門亦園路停車場,屯门亦园路停车场,https://resource.data.one.gov.hk/td/carpark/basic_info_tdstt64.json,https://resource.data.one.gov.hk/td/carpark/vacancy_tdstt64.json
TDSTT65,Fo Shing Road Car Park,科城路停車埸,科城路停车埸,https://resource.data.one.gov.hk/td/carpark/basic_info_tdstt65.json,https://resource.data.one.gov.hk/td/carpark/vacancy_tdstt65.json
TDSTT71,Fung Yip Street Car Park,豐業街停車場,丰业街停车场,https://resource.data.one.gov.hk/td/carpark/basic_info_tdstt71.json,https://resource.data.one.gov.hk/td/carpark/vacancy_tdstt71.json
TDSTT72,Sai See Street Car Park,西市街停車場,西市街停车场,https://resource.data.one.gov.hk/td/carpark/basic_info_tdstt72.json,https://resource.data.one.gov.hk/td/carpark/vacancy_tdstt72.json
TDSTT73,To Wah Road car park,渡華路停車場,渡华路停车场,https://resource.data.one.gov.hk/td/carpark/basic_info_tdstt73.json,https://resource.data.one.gov.hk/td/carpark/vacancy_tdstt73.json
TDSTT75,Pok Chuen Street Car Park,博泉街停車場,博泉街停车场,https://resource.data.one.gov.hk/td/carpark/basic_info_tdstt75.json,https://resource.data.one.gov.hk/td/carpark/vacancy_tdstt75.json
TDSTT77,Lok Wah Street Car Park,樂華街停車場,乐华街停车场,https://resource.data.one.gov.hk/td/carpark/basic_info_tdstt77.json,https://resource.data.one.gov.hk/td/carpark/vacancy_tdstt77.json
TDSTT7P1,Treasure Top Carpark (Tai Po Yee Nga Court),寶淘停車場(大埔怡雅苑),宝淘停车场(大埔怡雅苑),https://resource.data.one.gov.hk/td/carpark/basic_info_tdstt7p1.json,https://resource.data.one.gov.hk/td/carpark/vacancy_tdstt7p1.json
TDSTT80,Choi Fai Street Car Park,彩暉街停車場,彩晖街停车场,https://resource.data.one.gov.hk/td/carpark/basic_info_tdstt80.json,https://resource.data.one.gov.hk/td/carpark/vacancy_tdstt80.json
TDSTT81,Chong San Road Car Park,創新路停車場,创新路停车场,https://resource.data.one.gov.hk/td/carpark/basic_info_tdstt81.json,https://resource.data.one.gov.hk/td/carpark/vacancy_tdstt81.json
TDSTT82,Tin Chau Road Car Park,田洲路停車埸,田洲路停车埸,https://resource.data.one.gov.hk/td/carpark/basic_info_tdstt82.json,https://resource.data.one.gov.hk/td/carpark/vacancy_tdstt82.json
TDSTT83,Shek Kwu Lung Car Park,石古壟停車場,石古垄停车场,https://resource.data.one.gov.hk/td/carpark/basic_info_tdstt83.json,https://resource.data.one.gov.hk/td/carpark/vacancy_tdstt83.json
TDSTT84,Dai Kwai Street Car Park,大貴街停車場,大贵街停车场,https://resource.data.one.gov.hk/td/carpark/basic_info_tdstt84.json,https://resource.data.one.gov.hk/td/carpark/vacancy_tdstt84.json
TDSTT86,Tai Shu Ha Road East Car Park,大樹下東路停車場,大树下东路停车场,https://resource.data.one.gov.hk/td/carpark/basic_info_tdstt86.json,https://resource.data.one.gov.hk/td/carpark/vacancy_tdstt86.json
TDSTT89,Shek Kok Road,石角路,石角路,https://resource.data.one.gov.hk/td/carpark/basic_info_tdstt89.json,https://resource.data.one.gov.hk/td/carpark/vacancy_tdstt89.json
TDSTT90,Tung Chau Street,通州街停車場,通州街停车场,https://resource.data.one.gov.hk/td/carpark/basic_info_tdstt90.json,https://resource.data.one.gov.hk/td/carpark/vacancy_tdstt90.json
TDSTT92,Junction of Hoi Wang Road and Lai Cheung Road,海泓道麗翔道交界,海泓道丽翔道交界,https://resource.data.one.gov.hk/td/carpark/basic_info_tdstt92.json,https://resource.data.one.gov.hk/td/carpark/vacancy_tdstt92.json
TDSTT93,Hoi Yu Street Car Park No 1,海裕街1號停車場,海裕街1号停车场,https://resource.data.one.gov.hk/td/carpark/basic_info_tdstt93.json,https://resource.data.one.gov.hk/td/carpark/vacancy_tdstt93.json
TDSTT94,Hoi Yu Street Car Park No 2,海裕街2號停車場,海裕街2号停车场,https://resource.data.one.gov.hk/td/carpark/basic_info_tdstt94.json,https://resource.data.one.gov.hk/td/carpark/vacancy_tdstt94.json
TDSTT9P1,Shing Hong Lane,盛康里,盛康里,https://resource.data.one.gov.hk/td/carpark/basic_info_tdstt9p1.json,https://resource.data.one.gov.hk/td/carpark/vacancy_tdstt9p1.json
